,day_index,DATE_unix_UTC,SUNRISE,SUNSET,TMAX,TMIN,AWND,FORECAST,PROB_PREC,PRCP,SNOW,Date,Month,Day,Week_Day,Year,PRCP_SQRT,SNOW_SQRT,isAHOLIDAY,IFR,Intercept,LOC,LATITUDE,LONGITUDE,Intercept_coeff,IFR_coeff,AWND_coeff,PRCP_coeff,PRCP_SQRT_coeff,SNOW_coeff,SNOW_SQRT_coeff,TMIN_coeff,TMAX_coeff,isAHOLIDAY_coeff,Month_coeff,Day_coeff,Week_Day_coeff,Year_coeff,Intercept_coeff_se,IFR_coeff_se,AWND_coeff_se,PRCP_coeff_se,PRCP_SQRT_coeff_se,SNOW_coeff_se,SNOW_SQRT_coeff_se,TMIN_coeff_se,TMAX_coeff_se,isAHOLIDAY_coeff_se,Month_coeff_se,Day_coeff_se,Week_Day_coeff_se,Year_coeff_se,Intercept_p,IFR_p,AWND_p,PRCP_p,PRCP_SQRT_p,SNOW_p,SNOW_SQRT_p,TMIN_p,TMAX_p,isAHOLIDAY_p,Month_p,Day_p,Week_Day_p,Year_p,test_root_MSE,R2,PSEUDO R-SQU,LOG-LIKELIHOOD,LL-NULL,LLR p-value,mod_descript,expr,CONF_lower,CONF_upper,y_forecast
0,0,1649692800,2022-04-11 06:26:51,2022-04-11 19:31:17,56.57,36.59,11.16,Clear,0.0,0.0,0.0,2022-04-11,4,11,0,2022,0.0,0.0,1,69.29353778751369,1,ACY,39.45203,-74.56701,2.6054898028492928,0.007203056802671924,-0.008368009457305753,0.5712138841200676,-1.5582788425590623,NaN,-0.24928836484634911,-0.02662519291379698,0.03233034169685622,NaN,NaN,NaN,-0.03520816218301509,NaN,0.08300852034247863,0.00040572276572442887,0.0034130548831046974,0.11382804301154997,0.1246528766178301,NaN,0.12453540175091157,0.0017283690210250177,0.0018492073621245427,NaN,NaN,NaN,0.005901585300873603,NaN,2.9297781584476096e-216,1.6153011939771828e-70,0.014215735815748701,5.215309693182492e-07,7.376846061588271e-36,NaN,0.04531195046352534,1.5193973695362918e-53,1.9188319806510174e-68,NaN,NaN,NaN,2.433159151270204e-09,NaN,NaN,NaN,0.10935787044174916,-6076.8852210380355,-6823.038142213311,0.0,generalizePoisson, VFR ~ Week_Day + IFR + AWND + PRCP + PRCP_SQRT  + SNOW_SQRT + TMIN + TMAX ,NaN,NaN,47.74812156130318
1,1,1649779200,2022-04-12 06:25:21,2022-04-12 19:32:16,68.95,46.45,12.41,Rain,0.7,0.005905511811023622,0.0,2022-04-12,4,12,1,2022,0.07684732793678399,0.0,0,69.29353778751369,1,ACY,39.45203,-74.56701,2.6054898028492928,0.007203056802671924,-0.008368009457305753,0.5712138841200676,-1.5582788425590623,NaN,-0.24928836484634911,-0.02662519291379698,0.03233034169685622,NaN,NaN,NaN,-0.03520816218301509,NaN,0.08300852034247863,0.00040572276572442887,0.0034130548831046974,0.11382804301154997,0.1246528766178301,NaN,0.12453540175091157,0.0017283690210250177,0.0018492073621245427,NaN,NaN,NaN,0.005901585300873603,NaN,2.9297781584476096e-216,1.6153011939771828e-70,0.014215735815748701,5.215309693182492e-07,7.376846061588271e-36,NaN,0.04531195046352534,1.5193973695362918e-53,1.9188319806510174e-68,NaN,NaN,NaN,2.433159151270204e-09,NaN,NaN,NaN,0.10935787044174916,-6076.8852210380355,-6823.038142213311,0.0,generalizePoisson, VFR ~ Week_Day + IFR + AWND + PRCP + PRCP_SQRT  + SNOW_SQRT + TMIN + TMAX ,NaN,NaN,46.60093131830455
2,2,1649865600,2022-04-13 06:23:51,2022-04-13 19:33:16,70.2,53.55,10.45,Clouds,0.0,0.0,0.0,2022-04-13,4,13,2,2022,0.0,0.0,0,69.29353778751369,1,ACY,39.45203,-74.56701,2.6054898028492928,0.007203056802671924,-0.008368009457305753,0.5712138841200676,-1.5582788425590623,NaN,-0.24928836484634911,-0.02662519291379698,0.03233034169685622,NaN,NaN,NaN,-0.03520816218301509,NaN,0.08300852034247863,0.00040572276572442887,0.0034130548831046974,0.11382804301154997,0.1246528766178301,NaN,0.12453540175091157,0.0017283690210250177,0.0018492073621245427,NaN,NaN,NaN,0.005901585300873603,NaN,2.9297781584476096e-216,1.6153011939771828e-70,0.014215735815748701,5.215309693182492e-07,7.376846061588271e-36,NaN,0.04531195046352534,1.5193973695362918e-53,1.9188319806510174e-68,NaN,NaN,NaN,2.433159151270204e-09,NaN,NaN,NaN,0.10935787044174916,-6076.8852210380355,-6823.038142213311,0.0,generalizePoisson, VFR ~ Week_Day + IFR + AWND + PRCP + PRCP_SQRT  + SNOW_SQRT + TMIN + TMAX ,NaN,NaN,44.28136681809887
3,3,1649952000,2022-04-14 06:22:22,2022-04-14 19:34:15,74.93,58.42,15.68,Rain,0.23,0.013779527559055118,0.0,2022-04-14,4,14,3,2022,0.11738623240846909,0.0,0,69.29353778751369,1,ACY,39.45203,-74.56701,2.6054898028492928,0.007203056802671924,-0.008368009457305753,0.5712138841200676,-1.5582788425590623,NaN,-0.24928836484634911,-0.02662519291379698,0.03233034169685622,NaN,NaN,NaN,-0.03520816218301509,NaN,0.08300852034247863,0.00040572276572442887,0.0034130548831046974,0.11382804301154997,0.1246528766178301,NaN,0.12453540175091157,0.0017283690210250177,0.0018492073621245427,NaN,NaN,NaN,0.005901585300873603,NaN,2.9297781584476096e-216,1.6153011939771828e-70,0.014215735815748701,5.215309693182492e-07,7.376846061588271e-36,NaN,0.04531195046352534,1.5193973695362918e-53,1.9188319806510174e-68,NaN,NaN,NaN,2.433159151270204e-09,NaN,NaN,NaN,0.10935787044174916,-6076.8852210380355,-6823.038142213311,0.0,generalizePoisson, VFR ~ Week_Day + IFR + AWND + PRCP + PRCP_SQRT  + SNOW_SQRT + TMIN + TMAX ,NaN,NaN,35.156148515386384
4,4,1650038400,2022-04-15 06:20:53,2022-04-15 19:35:15,64.81,49.78,10.89,Clear,0.17,0.0,0.0,2022-04-15,4,15,4,2022,0.0,0.0,1,69.29353778751369,1,ACY,39.45203,-74.56701,2.6054898028492928,0.007203056802671924,-0.008368009457305753,0.5712138841200676,-1.5582788425590623,NaN,-0.24928836484634911,-0.02662519291379698,0.03233034169685622,NaN,NaN,NaN,-0.03520816218301509,NaN,0.08300852034247863,0.00040572276572442887,0.0034130548831046974,0.11382804301154997,0.1246528766178301,NaN,0.12453540175091157,0.0017283690210250177,0.0018492073621245427,NaN,NaN,NaN,0.005901585300873603,NaN,2.9297781584476096e-216,1.6153011939771828e-70,0.014215735815748701,5.215309693182492e-07,7.376846061588271e-36,NaN,0.04531195046352534,1.5193973695362918e-53,1.9188319806510174e-68,NaN,NaN,NaN,2.433159151270204e-09,NaN,NaN,NaN,0.10935787044174916,-6076.8852210380355,-6823.038142213311,0.0,generalizePoisson, VFR ~ Week_Day + IFR + AWND + PRCP + PRCP_SQRT  + SNOW_SQRT + TMIN + TMAX ,NaN,NaN,38.19032311762863
5,5,1650124800,2022-04-16 06:19:25,2022-04-16 19:36:14,64.04,51.85,14.41,Rain,0.4,0.00984251968503937,0.0,2022-04-16,4,16,5,2022,0.09920947376656813,0.0,1,69.29353778751369,1,ACY,39.45203,-74.56701,2.6054898028492928,0.007203056802671924,-0.008368009457305753,0.5712138841200676,-1.5582788425590623,NaN,-0.24928836484634911,-0.02662519291379698,0.03233034169685622,NaN,NaN,NaN,-0.03520816218301509,NaN,0.08300852034247863,0.00040572276572442887,0.0034130548831046974,0.11382804301154997,0.1246528766178301,NaN,0.12453540175091157,0.0017283690210250177,0.0018492073621245427,NaN,NaN,NaN,0.005901585300873603,NaN,2.9297781584476096e-216,1.6153011939771828e-70,0.014215735815748701,5.215309693182492e-07,7.376846061588271e-36,NaN,0.04531195046352534,1.5193973695362918e-53,1.9188319806510174e-68,NaN,NaN,NaN,2.433159151270204e-09,NaN,NaN,NaN,0.10935787044174916,-6076.8852210380355,-6823.038142213311,0.0,generalizePoisson, VFR ~ Week_Day + IFR + AWND + PRCP + PRCP_SQRT  + SNOW_SQRT + TMIN + TMAX ,NaN,NaN,28.472430096194255
6,6,1650211200,2022-04-17 06:17:58,2022-04-17 19:37:14,54.79,43.95,12.1,Clear,0.17,0.0,0.0,2022-04-17,4,17,6,2022,0.0,0.0,0,69.29353778751369,1,ACY,39.45203,-74.56701,2.6054898028492928,0.007203056802671924,-0.008368009457305753,0.5712138841200676,-1.5582788425590623,NaN,-0.24928836484634911,-0.02662519291379698,0.03233034169685622,NaN,NaN,NaN,-0.03520816218301509,NaN,0.08300852034247863,0.00040572276572442887,0.0034130548831046974,0.11382804301154997,0.1246528766178301,NaN,0.12453540175091157,0.0017283690210250177,0.0018492073621245427,NaN,NaN,NaN,0.005901585300873603,NaN,2.9297781584476096e-216,1.6153011939771828e-70,0.014215735815748701,5.215309693182492e-07,7.376846061588271e-36,NaN,0.04531195046352534,1.5193973695362918e-53,1.9188319806510174e-68,NaN,NaN,NaN,2.433159151270204e-09,NaN,NaN,NaN,0.10935787044174916,-6076.8852210380355,-6823.038142213311,0.0,generalizePoisson, VFR ~ Week_Day + IFR + AWND + PRCP + PRCP_SQRT  + SNOW_SQRT + TMIN + TMAX ,NaN,NaN,29.764469903862846
7,7,1650297600,2022-04-18 06:16:32,2022-04-18 19:38:14,56.08,40.32,11.21,Rain,0.6,0.03425196850393701,0.0,2022-04-18,4,18,0,2022,0.18507287349565038,0.0,1,69.29353778751369,1,ACY,39.45203,-74.56701,2.6054898028492928,0.007203056802671924,-0.008368009457305753,0.5712138841200676,-1.5582788425590623,NaN,-0.24928836484634911,-0.02662519291379698,0.03233034169685622,NaN,NaN,NaN,-0.03520816218301509,NaN,0.08300852034247863,0.00040572276572442887,0.0034130548831046974,0.11382804301154997,0.1246528766178301,NaN,0.12453540175091157,0.0017283690210250177,0.0018492073621245427,NaN,NaN,NaN,0.005901585300873603,NaN,2.9297781584476096e-216,1.6153011939771828e-70,0.014215735815748701,5.215309693182492e-07,7.376846061588271e-36,NaN,0.04531195046352534,1.5193973695362918e-53,1.9188319806510174e-68,NaN,NaN,NaN,2.433159151270204e-09,NaN,NaN,NaN,0.10935787044174916,-6076.8852210380355,-6823.038142213311,0.0,generalizePoisson, VFR ~ Week_Day + IFR + AWND + PRCP + PRCP_SQRT  + SNOW_SQRT + TMIN + TMAX ,NaN,NaN,32.50966879637571
8,0,1649700000,2022-04-11 07:46:46,2022-04-11 21:12:16,49.86,35.35,17.07,Rain,0.32,0.009055118110236222,0.0,2022-04-11,4,11,0,2022,0.09515838434019476,0.0,1,104.06352683461117,1,GFK,47.94281,-97.18294,3.574762912734984,0.010138843772544988,-0.04179699325191472,0.5964095355478154,-1.4420054511666867,NaN,-0.5939715398906447,-0.03614183493863244,0.037373896672386824,NaN,NaN,NaN,0.008722861381983174,NaN,0.08876015393049112,0.00023063757505201106,0.004248599491771902,0.20554647332224135,0.2277242024760882,NaN,0.10637396590768486,0.0018964074418910996,0.0017315596035892974,NaN,NaN,NaN,0.009289732228451367,NaN,0.0,0.0,7.736253949078804e-23,0.003712859663758462,2.4161934982067e-10,NaN,2.353118104365635e-08,5.633160797974384e-81,2.54194549252005e-103,NaN,NaN,NaN,0.3477416422172446,NaN,NaN,NaN,0.13837702899278892,-8336.31388534711,-9675.129570422447,0.0,generalizePoisson, VFR ~ Week_Day + IFR + AWND + PRCP + PRCP_SQRT  + SNOW_SQRT + TMIN + TMAX ,NaN,NaN,79.07544144354665
9,1,1649786400,2022-04-12 07:44:48,2022-04-12 21:13:42,37.22,31.66,22.64,Snow,1.0,0.0,0.8665354330708662,2022-04-12,4,12,1,2022,0.0,0.9308788498353942,0,104.06352683461117,1,GFK,47.94281,-97.18294,3.574762912734984,0.010138843772544988,-0.04179699325191472,0.5964095355478154,-1.4420054511666867,NaN,-0.5939715398906447,-0.03614183493863244,0.037373896672386824,NaN,NaN,NaN,0.008722861381983174,NaN,0.08876015393049112,0.00023063757505201106,0.004248599491771902,0.20554647332224135,0.2277242024760882,NaN,0.10637396590768486,0.0018964074418910996,0.0017315596035892974,NaN,NaN,NaN,0.009289732228451367,NaN,0.0,0.0,7.736253949078804e-23,0.003712859663758462,2.4161934982067e-10,NaN,2.353118104365635e-08,5.633160797974384e-81,2.54194549252005e-103,NaN,NaN,NaN,0.3477416422172446,NaN,NaN,NaN,0.13837702899278892,-8336.31388534711,-9675.129570422447,0.0,generalizePoisson, VFR ~ Week_Day + IFR + AWND + PRCP + PRCP_SQRT  + SNOW_SQRT + TMIN + TMAX ,NaN,NaN,29.552728777077068
10,2,1649872800,2022-04-13 07:42:52,2022-04-13 21:15:08,34.57,32.09,21.63,Snow,1.0,0.010236220472440946,1.194488188976378,2022-04-13,4,13,2,2022,0.10117420853380048,1.0929264334695077,0,104.06352683461117,1,GFK,47.94281,-97.18294,3.574762912734984,0.010138843772544988,-0.04179699325191472,0.5964095355478154,-1.4420054511666867,NaN,-0.5939715398906447,-0.03614183493863244,0.037373896672386824,NaN,NaN,NaN,0.008722861381983174,NaN,0.08876015393049112,0.00023063757505201106,0.004248599491771902,0.20554647332224135,0.2277242024760882,NaN,0.10637396590768486,0.0018964074418910996,0.0017315596035892974,NaN,NaN,NaN,0.009289732228451367,NaN,0.0,0.0,7.736253949078804e-23,0.003712859663758462,2.4161934982067e-10,NaN,2.353118104365635e-08,5.633160797974384e-81,2.54194549252005e-103,NaN,NaN,NaN,0.3477416422172446,NaN,NaN,NaN,0.13837702899278892,-8336.31388534711,-9675.129570422447,0.0,generalizePoisson, VFR ~ Week_Day + IFR + AWND + PRCP + PRCP_SQRT  + SNOW_SQRT + TMIN + TMAX ,NaN,NaN,21.900110004346086
11,3,1649959200,2022-04-14 07:40:56,2022-04-14 21:16:35,31.82,20.32,24.09,Snow,0.98,0.0,0.21574803149606303,2022-04-14,4,14,3,2022,0.0,0.46448684749523644,0,104.06352683461117,1,GFK,47.94281,-97.18294,3.574762912734984,0.010138843772544988,-0.04179699325191472,0.5964095355478154,-1.4420054511666867,NaN,-0.5939715398906447,-0.03614183493863244,0.037373896672386824,NaN,NaN,NaN,0.008722861381983174,NaN,0.08876015393049112,0.00023063757505201106,0.004248599491771902,0.20554647332224135,0.2277242024760882,NaN,0.10637396590768486,0.0018964074418910996,0.0017315596035892974,NaN,NaN,NaN,0.009289732228451367,NaN,0.0,0.0,7.736253949078804e-23,0.003712859663758462,2.4161934982067e-10,NaN,2.353118104365635e-08,5.633160797974384e-81,2.54194549252005e-103,NaN,NaN,NaN,0.3477416422172446,NaN,NaN,NaN,0.13837702899278892,-8336.31388534711,-9675.129570422447,0.0,generalizePoisson, VFR ~ Week_Day + IFR + AWND + PRCP + PRCP_SQRT  + SNOW_SQRT + TMIN + TMAX ,NaN,NaN,45.97368228549065
12,4,1650045600,2022-04-15 07:39:01,2022-04-15 21:18:01,24.75,17.74,18.1,Snow,0.45,0.0,0.042519685039370085,2022-04-15,4,15,4,2022,0.0,0.20620301898704121,1,104.06352683461117,1,GFK,47.94281,-97.18294,3.574762912734984,0.010138843772544988,-0.04179699325191472,0.5964095355478154,-1.4420054511666867,NaN,-0.5939715398906447,-0.03614183493863244,0.037373896672386824,NaN,NaN,NaN,0.008722861381983174,NaN,0.08876015393049112,0.00023063757505201106,0.004248599491771902,0.20554647332224135,0.2277242024760882,NaN,0.10637396590768486,0.0018964074418910996,0.0017315596035892974,NaN,NaN,NaN,0.009289732228451367,NaN,0.0,0.0,7.736253949078804e-23,0.003712859663758462,2.4161934982067e-10,NaN,2.353118104365635e-08,5.633160797974384e-81,2.54194549252005e-103,NaN,NaN,NaN,0.3477416422172446,NaN,NaN,NaN,0.13837702899278892,-8336.31388534711,-9675.129570422447,0.0,generalizePoisson, VFR ~ Week_Day + IFR + AWND + PRCP + PRCP_SQRT  + SNOW_SQRT + TMIN + TMAX ,NaN,NaN,58.532472605761356
13,5,1650132000,2022-04-16 07:37:07,2022-04-16 21:19:27,26.42,10.35,15.41,Snow,0.37,0.0,0.011023622047244096,2022-04-16,4,16,5,2022,0.0,0.1049934381151703,1,104.06352683461117,1,GFK,47.94281,-97.18294,3.574762912734984,0.010138843772544988,-0.04179699325191472,0.5964095355478154,-1.4420054511666867,NaN,-0.5939715398906447,-0.03614183493863244,0.037373896672386824,NaN,NaN,NaN,0.008722861381983174,NaN,0.08876015393049112,0.00023063757505201106,0.004248599491771902,0.20554647332224135,0.2277242024760882,NaN,0.10637396590768486,0.0018964074418910996,0.0017315596035892974,NaN,NaN,NaN,0.009289732228451367,NaN,0.0,0.0,7.736253949078804e-23,0.003712859663758462,2.4161934982067e-10,NaN,2.353118104365635e-08,5.633160797974384e-81,2.54194549252005e-103,NaN,NaN,NaN,0.3477416422172446,NaN,NaN,NaN,0.13837702899278892,-8336.31388534711,-9675.129570422447,0.0,generalizePoisson, VFR ~ Week_Day + IFR + AWND + PRCP + PRCP_SQRT  + SNOW_SQRT + TMIN + TMAX ,NaN,NaN,97.54917784366279
14,6,1650218400,2022-04-17 07:35:13,2022-04-17 21:20:53,28.44,4.15,11.25,Snow,1.0,0.0,0.15078740157480316,2022-04-17,4,17,6,2022,0.0,0.3883135351424196,0,104.06352683461117,1,GFK,47.94281,-97.18294,3.574762912734984,0.010138843772544988,-0.04179699325191472,0.5964095355478154,-1.4420054511666867,NaN,-0.5939715398906447,-0.03614183493863244,0.037373896672386824,NaN,NaN,NaN,0.008722861381983174,NaN,0.08876015393049112,0.00023063757505201106,0.004248599491771902,0.20554647332224135,0.2277242024760882,NaN,0.10637396590768486,0.0018964074418910996,0.0017315596035892974,NaN,NaN,NaN,0.009289732228451367,NaN,0.0,0.0,7.736253949078804e-23,0.003712859663758462,2.4161934982067e-10,NaN,2.353118104365635e-08,5.633160797974384e-81,2.54194549252005e-103,NaN,NaN,NaN,0.3477416422172446,NaN,NaN,NaN,0.13837702899278892,-8336.31388534711,-9675.129570422447,0.0,generalizePoisson, VFR ~ Week_Day + IFR + AWND + PRCP + PRCP_SQRT  + SNOW_SQRT + TMIN + TMAX ,NaN,NaN,133.51923713884545
15,7,1650304800,2022-04-18 07:33:20,2022-04-18 21:22:19,30.83,18.75,14.23,Snow,1.0,0.0,0.17559055118110237,2022-04-18,4,18,0,2022,0.0,0.4190352624554434,1,104.06352683461117,1,GFK,47.94281,-97.18294,3.574762912734984,0.010138843772544988,-0.04179699325191472,0.5964095355478154,-1.4420054511666867,NaN,-0.5939715398906447,-0.03614183493863244,0.037373896672386824,NaN,NaN,NaN,0.008722861381983174,NaN,0.08876015393049112,0.00023063757505201106,0.004248599491771902,0.20554647332224135,0.2277242024760882,NaN,0.10637396590768486,0.0018964074418910996,0.0017315596035892974,NaN,NaN,NaN,0.009289732228451367,NaN,0.0,0.0,7.736253949078804e-23,0.003712859663758462,2.4161934982067e-10,NaN,2.353118104365635e-08,5.633160797974384e-81,2.54194549252005e-103,NaN,NaN,NaN,0.3477416422172446,NaN,NaN,NaN,0.13837702899278892,-8336.31388534711,-9675.129570422447,0.0,generalizePoisson, VFR ~ Week_Day + IFR + AWND + PRCP + PRCP_SQRT  + SNOW_SQRT + TMIN + TMAX ,NaN,NaN,70.86370249773194
16,0,1649692800,2022-04-11 06:22:40,2022-04-11 19:29:59,56.93,39.54,13.56,Clear,0.16,0.0,0.0,2022-04-11,4,11,0,2022,0.0,0.0,1,785.3055859802848,1,LGA,40.77945,-73.88027,3.7707649288956486,0.0008063396174634156,-0.007268294756138024,0.6672816485346138,-2.21204050819096,NaN,-0.1899437213709617,-0.011934800339720393,0.023163501246055717,NaN,NaN,NaN,-0.008671725312674556,NaN,0.092690558270023,3.833647170652267e-05,0.0036726883465177792,0.1242120400499434,0.13201190592737277,NaN,0.10105225355527238,0.0025278381955890755,0.0023779274504133587,NaN,NaN,NaN,0.006391773955840584,NaN,0.0,3.257400228972624e-98,0.047814641537209594,7.78174609415378e-08,5.087423095530627e-63,NaN,0.060154642975382394,2.3428826611702796e-06,2.01469281198345e-22,NaN,NaN,NaN,0.17487627465292688,NaN,NaN,NaN,0.08997203816734856,-8148.440163291637,-8954.054715947383,0.0,generalizePoisson, VFR ~ Week_Day + IFR + AWND + PRCP + PRCP_SQRT  + SNOW_SQRT + TMIN + TMAX ,NaN,NaN,172.81574658676655
17,1,1649779200,2022-04-12 06:21:06,2022-04-12 19:31:01,68.63,49.19,16.2,Rain,0.88,0.031102362204724412,0.0,2022-04-12,4,12,1,2022,0.17635861817536566,0.0,0,785.3055859802848,1,LGA,40.77945,-73.88027,3.7707649288956486,0.0008063396174634156,-0.007268294756138024,0.6672816485346138,-2.21204050819096,NaN,-0.1899437213709617,-0.011934800339720393,0.023163501246055717,NaN,NaN,NaN,-0.008671725312674556,NaN,0.092690558270023,3.833647170652267e-05,0.0036726883465177792,0.1242120400499434,0.13201190592737277,NaN,0.10105225355527238,0.0025278381955890755,0.0023779274504133587,NaN,NaN,NaN,0.006391773955840584,NaN,0.0,3.257400228972624e-98,0.047814641537209594,7.78174609415378e-08,5.087423095530627e-63,NaN,0.060154642975382394,2.3428826611702796e-06,2.01469281198345e-22,NaN,NaN,NaN,0.17487627465292688,NaN,NaN,NaN,0.08997203816734856,-8148.440163291637,-8954.054715947383,0.0,generalizePoisson, VFR ~ Week_Day + IFR + AWND + PRCP + PRCP_SQRT  + SNOW_SQRT + TMIN + TMAX ,NaN,NaN,135.7547194945185
18,2,1649865600,2022-04-13 06:19:33,2022-04-13 19:32:04,64.65,53.76,9.86,Clouds,0.14,0.0,0.0,2022-04-13,4,13,2,2022,0.0,0.0,0,785.3055859802848,1,LGA,40.77945,-73.88027,3.7707649288956486,0.0008063396174634156,-0.007268294756138024,0.6672816485346138,-2.21204050819096,NaN,-0.1899437213709617,-0.011934800339720393,0.023163501246055717,NaN,NaN,NaN,-0.008671725312674556,NaN,0.092690558270023,3.833647170652267e-05,0.0036726883465177792,0.1242120400499434,0.13201190592737277,NaN,0.10105225355527238,0.0025278381955890755,0.0023779274504133587,NaN,NaN,NaN,0.006391773955840584,NaN,0.0,3.257400228972624e-98,0.047814641537209594,7.78174609415378e-08,5.087423095530627e-63,NaN,0.060154642975382394,2.3428826611702796e-06,2.01469281198345e-22,NaN,NaN,NaN,0.17487627465292688,NaN,NaN,NaN,0.08997203816734856,-8148.440163291637,-8954.054715947383,0.0,generalizePoisson, VFR ~ Week_Day + IFR + AWND + PRCP + PRCP_SQRT  + SNOW_SQRT + TMIN + TMAX ,NaN,NaN,176.07051831946484
19,3,1649952000,2022-04-14 06:18:00,2022-04-14 19:33:08,75.78,58.44,17.56,Rain,0.89,0.04488188976377953,0.0,2022-04-14,4,14,3,2022,0.2118534629496991,0.0,0,785.3055859802848,1,LGA,40.77945,-73.88027,3.7707649288956486,0.0008063396174634156,-0.007268294756138024,0.6672816485346138,-2.21204050819096,NaN,-0.1899437213709617,-0.011934800339720393,0.023163501246055717,NaN,NaN,NaN,-0.008671725312674556,NaN,0.092690558270023,3.833647170652267e-05,0.0036726883465177792,0.1242120400499434,0.13201190592737277,NaN,0.10105225355527238,0.0025278381955890755,0.0023779274504133587,NaN,NaN,NaN,0.006391773955840584,NaN,0.0,3.257400228972624e-98,0.047814641537209594,7.78174609415378e-08,5.087423095530627e-63,NaN,0.060154642975382394,2.3428826611702796e-06,2.01469281198345e-22,NaN,NaN,NaN,0.17487627465292688,NaN,NaN,NaN,0.08997203816734856,-8148.440163291637,-8954.054715947383,0.0,generalizePoisson, VFR ~ Week_Day + IFR + AWND + PRCP + PRCP_SQRT  + SNOW_SQRT + TMIN + TMAX ,NaN,NaN,130.2586794088408
20,4,1650038400,2022-04-15 06:16:27,2022-04-15 19:34:11,65.95,53.42,14.97,Clear,0.0,0.0,0.0,2022-04-15,4,15,4,2022,0.0,0.0,1,785.3055859802848,1,LGA,40.77945,-73.88027,3.7707649288956486,0.0008063396174634156,-0.007268294756138024,0.6672816485346138,-2.21204050819096,NaN,-0.1899437213709617,-0.011934800339720393,0.023163501246055717,NaN,NaN,NaN,-0.008671725312674556,NaN,0.092690558270023,3.833647170652267e-05,0.0036726883465177792,0.1242120400499434,0.13201190592737277,NaN,0.10105225355527238,0.0025278381955890755,0.0023779274504133587,NaN,NaN,NaN,0.006391773955840584,NaN,0.0,3.257400228972624e-98,0.047814641537209594,7.78174609415378e-08,5.087423095530627e-63,NaN,0.060154642975382394,2.3428826611702796e-06,2.01469281198345e-22,NaN,NaN,NaN,0.17487627465292688,NaN,NaN,NaN,0.08997203816734856,-8148.440163291637,-8954.054715947383,0.0,generalizePoisson, VFR ~ Week_Day + IFR + AWND + PRCP + PRCP_SQRT  + SNOW_SQRT + TMIN + TMAX ,NaN,NaN,172.5298964082795
21,5,1650124800,2022-04-16 06:14:56,2022-04-16 19:35:14,65.35,50.92,17.05,Rain,0.89,0.07244094488188978,0.0,2022-04-16,4,16,5,2022,0.2691485554148299,0.0,1,785.3055859802848,1,LGA,40.77945,-73.88027,3.7707649288956486,0.0008063396174634156,-0.007268294756138024,0.6672816485346138,-2.21204050819096,NaN,-0.1899437213709617,-0.011934800339720393,0.023163501246055717,NaN,NaN,NaN,-0.008671725312674556,NaN,0.092690558270023,3.833647170652267e-05,0.0036726883465177792,0.1242120400499434,0.13201190592737277,NaN,0.10105225355527238,0.0025278381955890755,0.0023779274504133587,NaN,NaN,NaN,0.006391773955840584,NaN,0.0,3.257400228972624e-98,0.047814641537209594,7.78174609415378e-08,5.087423095530627e-63,NaN,0.060154642975382394,2.3428826611702796e-06,2.01469281198345e-22,NaN,NaN,NaN,0.17487627465292688,NaN,NaN,NaN,0.08997203816734856,-8148.440163291637,-8954.054715947383,0.0,generalizePoisson, VFR ~ Week_Day + IFR + AWND + PRCP + PRCP_SQRT  + SNOW_SQRT + TMIN + TMAX ,NaN,NaN,99.0565264552295
22,6,1650211200,2022-04-17 06:13:25,2022-04-17 19:36:17,55.65,41.65,14.25,Clear,0.09,0.0,0.0,2022-04-17,4,17,6,2022,0.0,0.0,0,785.3055859802848,1,LGA,40.77945,-73.88027,3.7707649288956486,0.0008063396174634156,-0.007268294756138024,0.6672816485346138,-2.21204050819096,NaN,-0.1899437213709617,-0.011934800339720393,0.023163501246055717,NaN,NaN,NaN,-0.008671725312674556,NaN,0.092690558270023,3.833647170652267e-05,0.0036726883465177792,0.1242120400499434,0.13201190592737277,NaN,0.10105225355527238,0.0025278381955890755,0.0023779274504133587,NaN,NaN,NaN,0.006391773955840584,NaN,0.0,3.257400228972624e-98,0.047814641537209594,7.78174609415378e-08,5.087423095530627e-63,NaN,0.060154642975382394,2.3428826611702796e-06,2.01469281198345e-22,NaN,NaN,NaN,0.17487627465292688,NaN,NaN,NaN,0.08997203816734856,-8148.440163291637,-8954.054715947383,0.0,generalizePoisson, VFR ~ Week_Day + IFR + AWND + PRCP + PRCP_SQRT  + SNOW_SQRT + TMIN + TMAX ,NaN,NaN,154.5239024412817
23,7,1650297600,2022-04-18 06:11:55,2022-04-18 19:37:21,54.9,43.56,13.04,Clouds,0.0,0.0,0.0,2022-04-18,4,18,0,2022,0.0,0.0,1,785.3055859802848,1,LGA,40.77945,-73.88027,3.7707649288956486,0.0008063396174634156,-0.007268294756138024,0.6672816485346138,-2.21204050819096,NaN,-0.1899437213709617,-0.011934800339720393,0.023163501246055717,NaN,NaN,NaN,-0.008671725312674556,NaN,0.092690558270023,3.833647170652267e-05,0.0036726883465177792,0.1242120400499434,0.13201190592737277,NaN,0.10105225355527238,0.0025278381955890755,0.0023779274504133587,NaN,NaN,NaN,0.006391773955840584,NaN,0.0,3.257400228972624e-98,0.047814641537209594,7.78174609415378e-08,5.087423095530627e-63,NaN,0.060154642975382394,2.3428826611702796e-06,2.01469281198345e-22,NaN,NaN,NaN,0.17487627465292688,NaN,NaN,NaN,0.08997203816734856,-8148.440163291637,-8954.054715947383,0.0,generalizePoisson, VFR ~ Week_Day + IFR + AWND + PRCP + PRCP_SQRT  + SNOW_SQRT + TMIN + TMAX ,NaN,NaN,157.74908272676166
24,0,1649692800,2022-04-11 06:23:56,2022-04-11 19:31:02,58.01,39.15,13.02,Clear,0.21,0.0,0.0,2022-04-11,4,11,0,2022,0.0,0.0,1,998.2163198247536,1,EWR,40.68275,-74.16927,3.826870066354545,0.0008767065323257721,-0.006982549403197724,0.4898443299608312,-1.9093075257196521,NaN,-0.2757832932744498,-0.01848340244184913,0.02628560691408516,NaN,NaN,NaN,-0.0022714248025478413,NaN,0.08209456261274091,3.909565560899628e-05,0.0032041581551682683,0.10938085102420346,0.11937685603254138,NaN,0.09237770944661568,0.0019495420092369782,0.0018263071790342658,NaN,NaN,NaN,0.005852582065190117,NaN,0.0,2.2625008842380357e-111,0.029315702703101014,7.522672140250584e-06,1.408112906417662e-57,NaN,0.0028321895160454045,2.5211210963835437e-21,5.74537124607937e-47,NaN,NaN,NaN,0.6979372647717745,NaN,NaN,NaN,0.10038417123252019,-8444.267021303727,-9386.525616020795,0.0,generalizePoisson, VFR ~ Week_Day + IFR + AWND + PRCP + PRCP_SQRT  + SNOW_SQRT + TMIN + TMAX ,NaN,NaN,224.14718072082866
25,1,1649779200,2022-04-12 06:22:22,2022-04-12 19:32:04,68.32,49.66,14.0,Rain,0.85,0.024409448818897637,0.0,2022-04-12,4,12,1,2022,0.15623523552290514,0.0,0,998.2163198247536,1,EWR,40.68275,-74.16927,3.826870066354545,0.0008767065323257721,-0.006982549403197724,0.4898443299608312,-1.9093075257196521,NaN,-0.2757832932744498,-0.01848340244184913,0.02628560691408516,NaN,NaN,NaN,-0.0022714248025478413,NaN,0.08209456261274091,3.909565560899628e-05,0.0032041581551682683,0.10938085102420346,0.11937685603254138,NaN,0.09237770944661568,0.0019495420092369782,0.0018263071790342658,NaN,NaN,NaN,0.005852582065190117,NaN,0.0,2.2625008842380357e-111,0.029315702703101014,7.522672140250584e-06,1.408112906417662e-57,NaN,0.0028321895160454045,2.5211210963835437e-21,5.74537124607937e-47,NaN,NaN,NaN,0.6979372647717745,NaN,NaN,NaN,0.10038417123252019,-8444.267021303727,-9386.525616020795,0.0,generalizePoisson, VFR ~ Week_Day + IFR + AWND + PRCP + PRCP_SQRT  + SNOW_SQRT + TMIN + TMAX ,NaN,NaN,180.11370329163793
26,2,1649865600,2022-04-13 06:20:49,2022-04-13 19:33:07,68.94,53.1,7.94,Rain,0.22,0.009055118110236222,0.0,2022-04-13,4,13,2,2022,0.09515838434019476,0.0,0,998.2163198247536,1,EWR,40.68275,-74.16927,3.826870066354545,0.0008767065323257721,-0.006982549403197724,0.4898443299608312,-1.9093075257196521,NaN,-0.2757832932744498,-0.01848340244184913,0.02628560691408516,NaN,NaN,NaN,-0.0022714248025478413,NaN,0.08209456261274091,3.909565560899628e-05,0.0032041581551682683,0.10938085102420346,0.11937685603254138,NaN,0.09237770944661568,0.0019495420092369782,0.0018263071790342658,NaN,NaN,NaN,0.005852582065190117,NaN,0.0,2.2625008842380357e-111,0.029315702703101014,7.522672140250584e-06,1.408112906417662e-57,NaN,0.0028321895160454045,2.5211210963835437e-21,5.74537124607937e-47,NaN,NaN,NaN,0.6979372647717745,NaN,NaN,NaN,0.10038417123252019,-8444.267021303727,-9386.525616020795,0.0,generalizePoisson, VFR ~ Week_Day + IFR + AWND + PRCP + PRCP_SQRT  + SNOW_SQRT + TMIN + TMAX ,NaN,NaN,199.42507316059604
27,3,1649952000,2022-04-14 06:19:16,2022-04-14 19:34:10,75.78,57.36,16.46,Rain,0.84,0.029133858267716535,0.0,2022-04-14,4,14,3,2022,0.17068643258243033,0.0,0,998.2163198247536,1,EWR,40.68275,-74.16927,3.826870066354545,0.0008767065323257721,-0.006982549403197724,0.4898443299608312,-1.9093075257196521,NaN,-0.2757832932744498,-0.01848340244184913,0.02628560691408516,NaN,NaN,NaN,-0.0022714248025478413,NaN,0.08209456261274091,3.909565560899628e-05,0.0032041581551682683,0.10938085102420346,0.11937685603254138,NaN,0.09237770944661568,0.0019495420092369782,0.0018263071790342658,NaN,NaN,NaN,0.005852582065190117,NaN,0.0,2.2625008842380357e-111,0.029315702703101014,7.522672140250584e-06,1.408112906417662e-57,NaN,0.0028321895160454045,2.5211210963835437e-21,5.74537124607937e-47,NaN,NaN,NaN,0.6979372647717745,NaN,NaN,NaN,0.10038417123252019,-8444.267021303727,-9386.525616020795,0.0,generalizePoisson, VFR ~ Week_Day + IFR + AWND + PRCP + PRCP_SQRT  + SNOW_SQRT + TMIN + TMAX ,NaN,NaN,181.33738286855345
28,4,1650038400,2022-04-15 06:17:44,2022-04-15 19:35:13,64.89,52.52,13.58,Clear,0.0,0.0,0.0,2022-04-15,4,15,4,2022,0.0,0.0,1,998.2163198247536,1,EWR,40.68275,-74.16927,3.826870066354545,0.0008767065323257721,-0.006982549403197724,0.4898443299608312,-1.9093075257196521,NaN,-0.2757832932744498,-0.01848340244184913,0.02628560691408516,NaN,NaN,NaN,-0.0022714248025478413,NaN,0.08209456261274091,3.909565560899628e-05,0.0032041581551682683,0.10938085102420346,0.11937685603254138,NaN,0.09237770944661568,0.0019495420092369782,0.0018263071790342658,NaN,NaN,NaN,0.005852582065190117,NaN,0.0,2.2625008842380357e-111,0.029315702703101014,7.522672140250584e-06,1.408112906417662e-57,NaN,0.0028321895160454045,2.5211210963835437e-21,5.74537124607937e-47,NaN,NaN,NaN,0.6979372647717745,NaN,NaN,NaN,0.10038417123252019,-8444.267021303727,-9386.525616020795,0.0,generalizePoisson, VFR ~ Week_Day + IFR + AWND + PRCP + PRCP_SQRT  + SNOW_SQRT + TMIN + TMAX ,NaN,NaN,207.06419188611562
29,5,1650124800,2022-04-16 06:16:13,2022-04-16 19:36:16,65.37,50.77,16.51,Rain,0.9,0.06496062992125984,0.0,2022-04-16,4,16,5,2022,0.25487375290770886,0.0,1,998.2163198247536,1,EWR,40.68275,-74.16927,3.826870066354545,0.0008767065323257721,-0.006982549403197724,0.4898443299608312,-1.9093075257196521,NaN,-0.2757832932744498,-0.01848340244184913,0.02628560691408516,NaN,NaN,NaN,-0.0022714248025478413,NaN,0.08209456261274091,3.909565560899628e-05,0.0032041581551682683,0.10938085102420346,0.11937685603254138,NaN,0.09237770944661568,0.0019495420092369782,0.0018263071790342658,NaN,NaN,NaN,0.005852582065190117,NaN,0.0,2.2625008842380357e-111,0.029315702703101014,7.522672140250584e-06,1.408112906417662e-57,NaN,0.0028321895160454045,2.5211210963835437e-21,5.74537124607937e-47,NaN,NaN,NaN,0.6979372647717745,NaN,NaN,NaN,0.10038417123252019,-8444.267021303727,-9386.525616020795,0.0,generalizePoisson, VFR ~ Week_Day + IFR + AWND + PRCP + PRCP_SQRT  + SNOW_SQRT + TMIN + TMAX ,NaN,NaN,134.35019999377982
30,6,1650211200,2022-04-17 06:14:43,2022-04-17 19:37:19,55.63,41.49,13.62,Clear,0.05,0.0,0.0,2022-04-17,4,17,6,2022,0.0,0.0,0,998.2163198247536,1,EWR,40.68275,-74.16927,3.826870066354545,0.0008767065323257721,-0.006982549403197724,0.4898443299608312,-1.9093075257196521,NaN,-0.2757832932744498,-0.01848340244184913,0.02628560691408516,NaN,NaN,NaN,-0.0022714248025478413,NaN,0.08209456261274091,3.909565560899628e-05,0.0032041581551682683,0.10938085102420346,0.11937685603254138,NaN,0.09237770944661568,0.0019495420092369782,0.0018263071790342658,NaN,NaN,NaN,0.005852582065190117,NaN,0.0,2.2625008842380357e-111,0.029315702703101014,7.522672140250584e-06,1.408112906417662e-57,NaN,0.0028321895160454045,2.5211210963835437e-21,5.74537124607937e-47,NaN,NaN,NaN,0.6979372647717745,NaN,NaN,NaN,0.10038417123252019,-8444.267021303727,-9386.525616020795,0.0,generalizePoisson, VFR ~ Week_Day + IFR + AWND + PRCP + PRCP_SQRT  + SNOW_SQRT + TMIN + TMAX ,NaN,NaN,198.08057814768821
31,7,1650297600,2022-04-18 06:13:13,2022-04-18 19:38:22,55.47,43.2,13.0,Clouds,0.04,0.0,0.0,2022-04-18,4,18,0,2022,0.0,0.0,1,998.2163198247536,1,EWR,40.68275,-74.16927,3.826870066354545,0.0008767065323257721,-0.006982549403197724,0.4898443299608312,-1.9093075257196521,NaN,-0.2757832932744498,-0.01848340244184913,0.02628560691408516,NaN,NaN,NaN,-0.0022714248025478413,NaN,0.08209456261274091,3.909565560899628e-05,0.0032041581551682683,0.10938085102420346,0.11937685603254138,NaN,0.09237770944661568,0.0019495420092369782,0.0018263071790342658,NaN,NaN,NaN,0.005852582065190117,NaN,0.0,2.2625008842380357e-111,0.029315702703101014,7.522672140250584e-06,1.408112906417662e-57,NaN,0.0028321895160454045,2.5211210963835437e-21,5.74537124607937e-47,NaN,NaN,NaN,0.6979372647717745,NaN,NaN,NaN,0.10038417123252019,-8444.267021303727,-9386.525616020795,0.0,generalizePoisson, VFR ~ Week_Day + IFR + AWND + PRCP + PRCP_SQRT  + SNOW_SQRT + TMIN + TMAX ,NaN,NaN,194.57531707354872
32,0,1649692800,2022-04-11 06:23:17,2022-04-11 19:30:46,58.73,38.48,12.1,Clear,0.22,0.0,0.0,2022-04-11,4,11,0,2022,0.0,0.0,1,651.2701812191103,1,TEB,40.85898,-74.05616,2.8023237405215826,0.0007877153275303658,0.0023638814696120497,0.36023670663416163,-1.5442218660760008,NaN,-0.035135427099362446,-0.004792953069781516,0.01565451187456687,NaN,NaN,NaN,0.00683707284916203,NaN,0.2757822613845071,4.0816268813847955e-05,0.004295366998255584,0.12842046366098078,0.12915401888279304,NaN,0.10279951092943343,0.001993976875870421,0.001879964417242662,NaN,NaN,NaN,0.006369728676750346,NaN,2.94923444966701e-24,5.470272691050592e-83,0.5820911114935444,0.005029554671772485,6.008525980374535e-33,NaN,0.7325119940878646,0.016229399435339395,8.289880583611019e-17,NaN,NaN,NaN,0.2831053378298385,NaN,NaN,NaN,0.09230181213062705,-6476.262238590074,-7134.818957600557,4.69958065977366e-279,generalizePoisson, VFR ~ Week_Day + IFR + AWND + PRCP + PRCP_SQRT  + SNOW_SQRT + TMIN + TMAX ,NaN,NaN,59.08037817338932
33,1,1649779200,2022-04-12 06:21:43,2022-04-12 19:31:49,68.61,49.77,14.94,Rain,0.93,0.05039370078740158,0.0,2022-04-12,4,12,1,2022,0.22448541330652552,0.0,0,651.2701812191103,1,TEB,40.85898,-74.05616,2.8023237405215826,0.0007877153275303658,0.0023638814696120497,0.36023670663416163,-1.5442218660760008,NaN,-0.035135427099362446,-0.004792953069781516,0.01565451187456687,NaN,NaN,NaN,0.00683707284916203,NaN,0.2757822613845071,4.0816268813847955e-05,0.004295366998255584,0.12842046366098078,0.12915401888279304,NaN,0.10279951092943343,0.001993976875870421,0.001879964417242662,NaN,NaN,NaN,0.006369728676750346,NaN,2.94923444966701e-24,5.470272691050592e-83,0.5820911114935444,0.005029554671772485,6.008525980374535e-33,NaN,0.7325119940878646,0.016229399435339395,8.289880583611019e-17,NaN,NaN,NaN,0.2831053378298385,NaN,NaN,NaN,0.09230181213062705,-6476.262238590074,-7134.818957600557,4.69958065977366e-279,generalizePoisson, VFR ~ Week_Day + IFR + AWND + PRCP + PRCP_SQRT  + SNOW_SQRT + TMIN + TMAX ,NaN,NaN,47.67951587280931
34,2,1649865600,2022-04-13 06:20:09,2022-04-13 19:32:52,67.89,52.83,8.59,Rain,0.39,0.011811023622047244,0.0,2022-04-13,4,13,2,2022,0.10867853340033276,0.0,0,651.2701812191103,1,TEB,40.85898,-74.05616,2.8023237405215826,0.0007877153275303658,0.0023638814696120497,0.36023670663416163,-1.5442218660760008,NaN,-0.035135427099362446,-0.004792953069781516,0.01565451187456687,NaN,NaN,NaN,0.00683707284916203,NaN,0.2757822613845071,4.0816268813847955e-05,0.004295366998255584,0.12842046366098078,0.12915401888279304,NaN,0.10279951092943343,0.001993976875870421,0.001879964417242662,NaN,NaN,NaN,0.006369728676750346,NaN,2.94923444966701e-24,5.470272691050592e-83,0.5820911114935444,0.005029554671772485,6.008525980374535e-33,NaN,0.7325119940878646,0.016229399435339395,8.289880583611019e-17,NaN,NaN,NaN,0.2831053378298385,NaN,NaN,NaN,0.09230181213062705,-6476.262238590074,-7134.818957600557,4.69958065977366e-279,generalizePoisson, VFR ~ Week_Day + IFR + AWND + PRCP + PRCP_SQRT  + SNOW_SQRT + TMIN + TMAX ,NaN,NaN,54.34340316237152
35,3,1649952000,2022-04-14 06:18:36,2022-04-14 19:33:56,77.29,57.4,17.16,Rain,0.91,0.043700787401574806,0.0,2022-04-14,4,14,3,2022,0.20904733292145777,0.0,0,651.2701812191103,1,TEB,40.85898,-74.05616,2.8023237405215826,0.0007877153275303658,0.0023638814696120497,0.36023670663416163,-1.5442218660760008,NaN,-0.035135427099362446,-0.004792953069781516,0.01565451187456687,NaN,NaN,NaN,0.00683707284916203,NaN,0.2757822613845071,4.0816268813847955e-05,0.004295366998255584,0.12842046366098078,0.12915401888279304,NaN,0.10279951092943343,0.001993976875870421,0.001879964417242662,NaN,NaN,NaN,0.006369728676750346,NaN,2.94923444966701e-24,5.470272691050592e-83,0.5820911114935444,0.005029554671772485,6.008525980374535e-33,NaN,0.7325119940878646,0.016229399435339395,8.289880583611019e-17,NaN,NaN,NaN,0.2831053378298385,NaN,NaN,NaN,0.09230181213062705,-6476.262238590074,-7134.818957600557,4.69958065977366e-279,generalizePoisson, VFR ~ Week_Day + IFR + AWND + PRCP + PRCP_SQRT  + SNOW_SQRT + TMIN + TMAX ,NaN,NaN,54.825946104653354
36,4,1650038400,2022-04-15 06:17:03,2022-04-15 19:34:59,66.04,52.25,14.23,Clear,0.0,0.0,0.0,2022-04-15,4,15,4,2022,0.0,0.0,1,651.2701812191103,1,TEB,40.85898,-74.05616,2.8023237405215826,0.0007877153275303658,0.0023638814696120497,0.36023670663416163,-1.5442218660760008,NaN,-0.035135427099362446,-0.004792953069781516,0.01565451187456687,NaN,NaN,NaN,0.00683707284916203,NaN,0.2757822613845071,4.0816268813847955e-05,0.004295366998255584,0.12842046366098078,0.12915401888279304,NaN,0.10279951092943343,0.001993976875870421,0.001879964417242662,NaN,NaN,NaN,0.006369728676750346,NaN,2.94923444966701e-24,5.470272691050592e-83,0.5820911114935444,0.005029554671772485,6.008525980374535e-33,NaN,0.7325119940878646,0.016229399435339395,8.289880583611019e-17,NaN,NaN,NaN,0.2831053378298385,NaN,NaN,NaN,0.09230181213062705,-6476.262238590074,-7134.818957600557,4.69958065977366e-279,generalizePoisson, VFR ~ Week_Day + IFR + AWND + PRCP + PRCP_SQRT  + SNOW_SQRT + TMIN + TMAX ,NaN,NaN,64.05344004482352
37,5,1650124800,2022-04-16 06:15:32,2022-04-16 19:36:03,65.41,49.68,16.55,Rain,0.96,0.059842519685039376,0.0,2022-04-16,4,16,5,2022,0.24462730772552638,0.0,1,651.2701812191103,1,TEB,40.85898,-74.05616,2.8023237405215826,0.0007877153275303658,0.0023638814696120497,0.36023670663416163,-1.5442218660760008,NaN,-0.035135427099362446,-0.004792953069781516,0.01565451187456687,NaN,NaN,NaN,0.00683707284916203,NaN,0.2757822613845071,4.0816268813847955e-05,0.004295366998255584,0.12842046366098078,0.12915401888279304,NaN,0.10279951092943343,0.001993976875870421,0.001879964417242662,NaN,NaN,NaN,0.006369728676750346,NaN,2.94923444966701e-24,5.470272691050592e-83,0.5820911114935444,0.005029554671772485,6.008525980374535e-33,NaN,0.7325119940878646,0.016229399435339395,8.289880583611019e-17,NaN,NaN,NaN,0.2831053378298385,NaN,NaN,NaN,0.09230181213062705,-6476.262238590074,-7134.818957600557,4.69958065977366e-279,generalizePoisson, VFR ~ Week_Day + IFR + AWND + PRCP + PRCP_SQRT  + SNOW_SQRT + TMIN + TMAX ,NaN,NaN,45.52643721840152
38,6,1650211200,2022-04-17 06:14:01,2022-04-17 19:37:06,55.35,40.86,13.69,Clear,0.04,0.0,0.0,2022-04-17,4,17,6,2022,0.0,0.0,0,651.2701812191103,1,TEB,40.85898,-74.05616,2.8023237405215826,0.0007877153275303658,0.0023638814696120497,0.36023670663416163,-1.5442218660760008,NaN,-0.035135427099362446,-0.004792953069781516,0.01565451187456687,NaN,NaN,NaN,0.00683707284916203,NaN,0.2757822613845071,4.0816268813847955e-05,0.004295366998255584,0.12842046366098078,0.12915401888279304,NaN,0.10279951092943343,0.001993976875870421,0.001879964417242662,NaN,NaN,NaN,0.006369728676750346,NaN,2.94923444966701e-24,5.470272691050592e-83,0.5820911114935444,0.005029554671772485,6.008525980374535e-33,NaN,0.7325119940878646,0.016229399435339395,8.289880583611019e-17,NaN,NaN,NaN,0.2831053378298385,NaN,NaN,NaN,0.09230181213062705,-6476.262238590074,-7134.818957600557,4.69958065977366e-279,generalizePoisson, VFR ~ Week_Day + IFR + AWND + PRCP + PRCP_SQRT  + SNOW_SQRT + TMIN + TMAX ,NaN,NaN,57.93724192060249
39,7,1650297600,2022-04-18 06:12:31,2022-04-18 19:38:10,56.52,41.86,12.08,Clouds,0.0,0.0,0.0,2022-04-18,4,18,0,2022,0.0,0.0,1,651.2701812191103,1,TEB,40.85898,-74.05616,2.8023237405215826,0.0007877153275303658,0.0023638814696120497,0.36023670663416163,-1.5442218660760008,NaN,-0.035135427099362446,-0.004792953069781516,0.01565451187456687,NaN,NaN,NaN,0.00683707284916203,NaN,0.2757822613845071,4.0816268813847955e-05,0.004295366998255584,0.12842046366098078,0.12915401888279304,NaN,0.10279951092943343,0.001993976875870421,0.001879964417242662,NaN,NaN,NaN,0.006369728676750346,NaN,2.94923444966701e-24,5.470272691050592e-83,0.5820911114935444,0.005029554671772485,6.008525980374535e-33,NaN,0.7325119940878646,0.016229399435339395,8.289880583611019e-17,NaN,NaN,NaN,0.2831053378298385,NaN,NaN,NaN,0.09230181213062705,-6476.262238590074,-7134.818957600557,4.69958065977366e-279,generalizePoisson, VFR ~ Week_Day + IFR + AWND + PRCP + PRCP_SQRT  + SNOW_SQRT + TMIN + TMAX ,NaN,NaN,56.151586105448644
40,0,1649692800,2022-04-11 06:22:22,2022-04-11 19:29:21,51.93,40.68,18.81,Clear,0.09,0.0,0.0,2022-04-11,4,11,0,2022,0.0,0.0,1,1016.0695509309967,1,JFK,40.63915,-73.7639,2.677263245051908,0.0007386586419905876,-0.017388042832603017,0.2107969133340733,-1.1735362102350235,NaN,-0.1854201571455039,-0.017694698396434193,0.03192118034924201,NaN,NaN,NaN,-0.029480781146288382,NaN,0.09848585929912806,3.976773301478878e-05,0.0035990522868263016,0.10652238776456964,0.11612263772117047,NaN,0.05791007567991063,0.0033498166746298032,0.0031616981357373447,NaN,NaN,NaN,0.007421324708651316,NaN,9.975558991649019e-163,5.185680185552534e-77,1.3565550679221174e-06,0.04782751979312729,5.195889656929752e-24,NaN,0.0013654168619812732,1.275800186706334e-07,5.741630602867676e-24,NaN,NaN,NaN,7.113959420510363e-05,NaN,NaN,NaN,0.056632952636141876,-6999.293514442324,-7419.480608317968,4.077040571842565e-176,generalizedPoisson2, VFR ~ Week_Day + IFR + AWND + PRCP + PRCP_SQRT  + SNOW_SQRT + TMIN + TMAX ,NaN,NaN,56.74509828500215
41,1,1649779200,2022-04-12 06:20:48,2022-04-12 19:30:24,63.54,47.79,14.38,Rain,0.81,0.01889763779527559,0.0,2022-04-12,4,12,1,2022,0.13746867932469414,0.0,0,1016.0695509309967,1,JFK,40.63915,-73.7639,2.677263245051908,0.0007386586419905876,-0.017388042832603017,0.2107969133340733,-1.1735362102350235,NaN,-0.1854201571455039,-0.017694698396434193,0.03192118034924201,NaN,NaN,NaN,-0.029480781146288382,NaN,0.09848585929912806,3.976773301478878e-05,0.0035990522868263016,0.10652238776456964,0.11612263772117047,NaN,0.05791007567991063,0.0033498166746298032,0.0031616981357373447,NaN,NaN,NaN,0.007421324708651316,NaN,9.975558991649019e-163,5.185680185552534e-77,1.3565550679221174e-06,0.04782751979312729,5.195889656929752e-24,NaN,0.0013654168619812732,1.275800186706334e-07,5.741630602867676e-24,NaN,NaN,NaN,7.113959420510363e-05,NaN,NaN,NaN,0.056632952636141876,-6999.293514442324,-7419.480608317968,4.077040571842565e-176,generalizedPoisson2, VFR ~ Week_Day + IFR + AWND + PRCP + PRCP_SQRT  + SNOW_SQRT + TMIN + TMAX ,NaN,NaN,64.9470431078804
42,2,1649865600,2022-04-13 06:19:15,2022-04-13 19:31:26,57.72,51.89,12.71,Clouds,0.15,0.0,0.0,2022-04-13,4,13,2,2022,0.0,0.0,0,1016.0695509309967,1,JFK,40.63915,-73.7639,2.677263245051908,0.0007386586419905876,-0.017388042832603017,0.2107969133340733,-1.1735362102350235,NaN,-0.1854201571455039,-0.017694698396434193,0.03192118034924201,NaN,NaN,NaN,-0.029480781146288382,NaN,0.09848585929912806,3.976773301478878e-05,0.0035990522868263016,0.10652238776456964,0.11612263772117047,NaN,0.05791007567991063,0.0033498166746298032,0.0031616981357373447,NaN,NaN,NaN,0.007421324708651316,NaN,9.975558991649019e-163,5.185680185552534e-77,1.3565550679221174e-06,0.04782751979312729,5.195889656929752e-24,NaN,0.0013654168619812732,1.275800186706334e-07,5.741630602867676e-24,NaN,NaN,NaN,7.113959420510363e-05,NaN,NaN,NaN,0.056632952636141876,-6999.293514442324,-7419.480608317968,4.077040571842565e-176,generalizedPoisson2, VFR ~ Week_Day + IFR + AWND + PRCP + PRCP_SQRT  + SNOW_SQRT + TMIN + TMAX ,NaN,NaN,58.68245813955757
43,3,1649952000,2022-04-14 06:17:42,2022-04-14 19:32:29,67.01,55.09,15.14,Rain,0.81,0.0610236220472441,0.0,2022-04-14,4,14,3,2022,0.24702959751261405,0.0,0,1016.0695509309967,1,JFK,40.63915,-73.7639,2.677263245051908,0.0007386586419905876,-0.017388042832603017,0.2107969133340733,-1.1735362102350235,NaN,-0.1854201571455039,-0.017694698396434193,0.03192118034924201,NaN,NaN,NaN,-0.029480781146288382,NaN,0.09848585929912806,3.976773301478878e-05,0.0035990522868263016,0.10652238776456964,0.11612263772117047,NaN,0.05791007567991063,0.0033498166746298032,0.0031616981357373447,NaN,NaN,NaN,0.007421324708651316,NaN,9.975558991649019e-163,5.185680185552534e-77,1.3565550679221174e-06,0.04782751979312729,5.195889656929752e-24,NaN,0.0013654168619812732,1.275800186706334e-07,5.741630602867676e-24,NaN,NaN,NaN,7.113959420510363e-05,NaN,NaN,NaN,0.056632952636141876,-6999.293514442324,-7419.480608317968,4.077040571842565e-176,generalizedPoisson2, VFR ~ Week_Day + IFR + AWND + PRCP + PRCP_SQRT  + SNOW_SQRT + TMIN + TMAX ,NaN,NaN,52.6305769569458
44,4,1650038400,2022-04-15 06:16:10,2022-04-15 19:33:32,60.82,52.47,13.11,Clear,0.0,0.0,0.0,2022-04-15,4,15,4,2022,0.0,0.0,1,1016.0695509309967,1,JFK,40.63915,-73.7639,2.677263245051908,0.0007386586419905876,-0.017388042832603017,0.2107969133340733,-1.1735362102350235,NaN,-0.1854201571455039,-0.017694698396434193,0.03192118034924201,NaN,NaN,NaN,-0.029480781146288382,NaN,0.09848585929912806,3.976773301478878e-05,0.0035990522868263016,0.10652238776456964,0.11612263772117047,NaN,0.05791007567991063,0.0033498166746298032,0.0031616981357373447,NaN,NaN,NaN,0.007421324708651316,NaN,9.975558991649019e-163,5.185680185552534e-77,1.3565550679221174e-06,0.04782751979312729,5.195889656929752e-24,NaN,0.0013654168619812732,1.275800186706334e-07,5.741630602867676e-24,NaN,NaN,NaN,7.113959420510363e-05,NaN,NaN,NaN,0.056632952636141876,-6999.293514442324,-7419.480608317968,4.077040571842565e-176,generalizedPoisson2, VFR ~ Week_Day + IFR + AWND + PRCP + PRCP_SQRT  + SNOW_SQRT + TMIN + TMAX ,NaN,NaN,60.03434394634698
45,5,1650124800,2022-04-16 06:14:39,2022-04-16 19:34:35,59.4,50.74,21.36,Rain,0.76,0.07637795275590552,0.0,2022-04-16,4,16,5,2022,0.2763656142791746,0.0,1,1016.0695509309967,1,JFK,40.63915,-73.7639,2.677263245051908,0.0007386586419905876,-0.017388042832603017,0.2107969133340733,-1.1735362102350235,NaN,-0.1854201571455039,-0.017694698396434193,0.03192118034924201,NaN,NaN,NaN,-0.029480781146288382,NaN,0.09848585929912806,3.976773301478878e-05,0.0035990522868263016,0.10652238776456964,0.11612263772117047,NaN,0.05791007567991063,0.0033498166746298032,0.0031616981357373447,NaN,NaN,NaN,0.007421324708651316,NaN,9.975558991649019e-163,5.185680185552534e-77,1.3565550679221174e-06,0.04782751979312729,5.195889656929752e-24,NaN,0.0013654168619812732,1.275800186706334e-07,5.741630602867676e-24,NaN,NaN,NaN,7.113959420510363e-05,NaN,NaN,NaN,0.056632952636141876,-6999.293514442324,-7419.480608317968,4.077040571842565e-176,generalizedPoisson2, VFR ~ Week_Day + IFR + AWND + PRCP + PRCP_SQRT  + SNOW_SQRT + TMIN + TMAX ,NaN,NaN,36.56324848809895
46,6,1650211200,2022-04-17 06:13:09,2022-04-17 19:35:38,53.37,41.9,16.4,Clouds,0.12,0.0,0.0,2022-04-17,4,17,6,2022,0.0,0.0,0,1016.0695509309967,1,JFK,40.63915,-73.7639,2.677263245051908,0.0007386586419905876,-0.017388042832603017,0.2107969133340733,-1.1735362102350235,NaN,-0.1854201571455039,-0.017694698396434193,0.03192118034924201,NaN,NaN,NaN,-0.029480781146288382,NaN,0.09848585929912806,3.976773301478878e-05,0.0035990522868263016,0.10652238776456964,0.11612263772117047,NaN,0.05791007567991063,0.0033498166746298032,0.0031616981357373447,NaN,NaN,NaN,0.007421324708651316,NaN,9.975558991649019e-163,5.185680185552534e-77,1.3565550679221174e-06,0.04782751979312729,5.195889656929752e-24,NaN,0.0013654168619812732,1.275800186706334e-07,5.741630602867676e-24,NaN,NaN,NaN,7.113959420510363e-05,NaN,NaN,NaN,0.056632952636141876,-6999.293514442324,-7419.480608317968,4.077040571842565e-176,generalizedPoisson2, VFR ~ Week_Day + IFR + AWND + PRCP + PRCP_SQRT  + SNOW_SQRT + TMIN + TMAX ,NaN,NaN,50.80367745478743
47,7,1650297600,2022-04-18 06:11:40,2022-04-18 19:36:41,50.77,44.51,15.84,Clouds,0.05,0.0,0.0,2022-04-18,4,18,0,2022,0.0,0.0,1,1016.0695509309967,1,JFK,40.63915,-73.7639,2.677263245051908,0.0007386586419905876,-0.017388042832603017,0.2107969133340733,-1.1735362102350235,NaN,-0.1854201571455039,-0.017694698396434193,0.03192118034924201,NaN,NaN,NaN,-0.029480781146288382,NaN,0.09848585929912806,3.976773301478878e-05,0.0035990522868263016,0.10652238776456964,0.11612263772117047,NaN,0.05791007567991063,0.0033498166746298032,0.0031616981357373447,NaN,NaN,NaN,0.007421324708651316,NaN,9.975558991649019e-163,5.185680185552534e-77,1.3565550679221174e-06,0.04782751979312729,5.195889656929752e-24,NaN,0.0013654168619812732,1.275800186706334e-07,5.741630602867676e-24,NaN,NaN,NaN,7.113959420510363e-05,NaN,NaN,NaN,0.056632952636141876,-6999.293514442324,-7419.480608317968,4.077040571842565e-176,generalizedPoisson2, VFR ~ Week_Day + IFR + AWND + PRCP + PRCP_SQRT  + SNOW_SQRT + TMIN + TMAX ,NaN,NaN,53.80748059119093
48,0,1649696400,2022-04-11 07:07:40,2022-04-11 20:11:18,61.66,49.32,14.14,Rain,1.0,0.9440944881889765,0.0,2022-04-11,4,11,0,2022,0.9716452481173242,0.0,1,392.13526834611173,1,CVG,39.04443,-84.67241,2.0538539084434384,-0.00047405960170049545,-0.04025940262908055,0.5677881708995192,-1.7480630630518998,NaN,-0.34522997341536094,-0.02212092631644135,0.02591316206952589,NaN,NaN,NaN,-0.05475370308627083,NaN,0.14212232914923367,0.00020276688731036708,0.0059780651038353625,0.14256886279874642,0.1531454727821882,NaN,0.1088841983448978,0.003403580877233657,0.003200463675740896,NaN,NaN,NaN,0.010035564787933314,NaN,2.459610249741819e-47,0.019389648236849178,1.6447129429974563e-11,6.817867532203394e-05,3.543572584571733e-30,NaN,0.0015211612232202017,8.068938197465205e-11,5.647476744662477e-16,NaN,NaN,NaN,4.8707236270713255e-08,NaN,NaN,NaN,0.048688403863903384,-4063.9516163708117,-4271.945840749969,7.104566934468927e-85,generalizedPoisson2, VFR ~ Week_Day + IFR + AWND + PRCP + PRCP_SQRT  + SNOW_SQRT + TMIN + TMAX ,NaN,NaN,1.9022558424470206
49,1,1649782800,2022-04-12 07:06:10,2022-04-12 20:12:17,63.57,48.83,11.41,Rain,1.0,0.065748031496063,0.0,2022-04-12,4,12,1,2022,0.2564137895981084,0.0,0,392.13526834611173,1,CVG,39.04443,-84.67241,2.0538539084434384,-0.00047405960170049545,-0.04025940262908055,0.5677881708995192,-1.7480630630518998,NaN,-0.34522997341536094,-0.02212092631644135,0.02591316206952589,NaN,NaN,NaN,-0.05475370308627083,NaN,0.14212232914923367,0.00020276688731036708,0.0059780651038353625,0.14256886279874642,0.1531454727821882,NaN,0.1088841983448978,0.003403580877233657,0.003200463675740896,NaN,NaN,NaN,0.010035564787933314,NaN,2.459610249741819e-47,0.019389648236849178,1.6447129429974563e-11,6.817867532203394e-05,3.543572584571733e-30,NaN,0.0015211612232202017,8.068938197465205e-11,5.647476744662477e-16,NaN,NaN,NaN,4.8707236270713255e-08,NaN,NaN,NaN,0.048688403863903384,-4063.9516163708117,-4271.945840749969,7.104566934468927e-85,generalizedPoisson2, VFR ~ Week_Day + IFR + AWND + PRCP + PRCP_SQRT  + SNOW_SQRT + TMIN + TMAX ,NaN,NaN,4.527107855241622
50,2,1649869200,2022-04-13 07:04:42,2022-04-13 20:13:15,64.62,59.04,18.95,Rain,1.0,0.3334645669291339,0.0,2022-04-13,4,13,2,2022,0.5774639096334366,0.0,0,392.13526834611173,1,CVG,39.04443,-84.67241,2.0538539084434384,-0.00047405960170049545,-0.04025940262908055,0.5677881708995192,-1.7480630630518998,NaN,-0.34522997341536094,-0.02212092631644135,0.02591316206952589,NaN,NaN,NaN,-0.05475370308627083,NaN,0.14212232914923367,0.00020276688731036708,0.0059780651038353625,0.14256886279874642,0.1531454727821882,NaN,0.1088841983448978,0.003403580877233657,0.003200463675740896,NaN,NaN,NaN,0.010035564787933314,NaN,2.459610249741819e-47,0.019389648236849178,1.6447129429974563e-11,6.817867532203394e-05,3.543572584571733e-30,NaN,0.0015211612232202017,8.068938197465205e-11,5.647476744662477e-16,NaN,NaN,NaN,4.8707236270713255e-08,NaN,NaN,NaN,0.048688403863903384,-4063.9516163708117,-4271.945840749969,7.104566934468927e-85,generalizedPoisson2, VFR ~ Week_Day + IFR + AWND + PRCP + PRCP_SQRT  + SNOW_SQRT + TMIN + TMAX ,NaN,NaN,1.7227438517239395
51,3,1649955600,2022-04-14 07:03:13,2022-04-14 20:14:13,62.02,41.59,17.74,Rain,1.0,0.6192913385826773,0.0,2022-04-14,4,14,3,2022,0.7869506582897541,0.0,0,392.13526834611173,1,CVG,39.04443,-84.67241,2.0538539084434384,-0.00047405960170049545,-0.04025940262908055,0.5677881708995192,-1.7480630630518998,NaN,-0.34522997341536094,-0.02212092631644135,0.02591316206952589,NaN,NaN,NaN,-0.05475370308627083,NaN,0.14212232914923367,0.00020276688731036708,0.0059780651038353625,0.14256886279874642,0.1531454727821882,NaN,0.1088841983448978,0.003403580877233657,0.003200463675740896,NaN,NaN,NaN,0.010035564787933314,NaN,2.459610249741819e-47,0.019389648236849178,1.6447129429974563e-11,6.817867532203394e-05,3.543572584571733e-30,NaN,0.0015211612232202017,8.068938197465205e-11,5.647476744662477e-16,NaN,NaN,NaN,4.8707236270713255e-08,NaN,NaN,NaN,0.048688403863903384,-4063.9516163708117,-4271.945840749969,7.104566934468927e-85,generalizedPoisson2, VFR ~ Week_Day + IFR + AWND + PRCP + PRCP_SQRT  + SNOW_SQRT + TMIN + TMAX ,NaN,NaN,1.9205419496598637
52,4,1650042000,2022-04-15 07:01:46,2022-04-15 20:15:12,59.7,39.11,12.21,Rain,0.54,0.023622047244094488,0.0,2022-04-15,4,15,4,2022,0.15369465587356798,0.0,1,392.13526834611173,1,CVG,39.04443,-84.67241,2.0538539084434384,-0.00047405960170049545,-0.04025940262908055,0.5677881708995192,-1.7480630630518998,NaN,-0.34522997341536094,-0.02212092631644135,0.02591316206952589,NaN,NaN,NaN,-0.05475370308627083,NaN,0.14212232914923367,0.00020276688731036708,0.0059780651038353625,0.14256886279874642,0.1531454727821882,NaN,0.1088841983448978,0.003403580877233657,0.003200463675740896,NaN,NaN,NaN,0.010035564787933314,NaN,2.459610249741819e-47,0.019389648236849178,1.6447129429974563e-11,6.817867532203394e-05,3.543572584571733e-30,NaN,0.0015211612232202017,8.068938197465205e-11,5.647476744662477e-16,NaN,NaN,NaN,4.8707236270713255e-08,NaN,NaN,NaN,0.048688403863903384,-4063.9516163708117,-4271.945840749969,7.104566934468927e-85,generalizedPoisson2, VFR ~ Week_Day + IFR + AWND + PRCP + PRCP_SQRT  + SNOW_SQRT + TMIN + TMAX ,NaN,NaN,4.874351238264692
53,5,1650128400,2022-04-16 07:00:19,2022-04-16 20:16:10,58.6,42.62,12.01,Rain,1.0,0.046062992125984255,0.0,2022-04-16,4,16,5,2022,0.21462290680629656,0.0,1,392.13526834611173,1,CVG,39.04443,-84.67241,2.0538539084434384,-0.00047405960170049545,-0.04025940262908055,0.5677881708995192,-1.7480630630518998,NaN,-0.34522997341536094,-0.02212092631644135,0.02591316206952589,NaN,NaN,NaN,-0.05475370308627083,NaN,0.14212232914923367,0.00020276688731036708,0.0059780651038353625,0.14256886279874642,0.1531454727821882,NaN,0.1088841983448978,0.003403580877233657,0.003200463675740896,NaN,NaN,NaN,0.010035564787933314,NaN,2.459610249741819e-47,0.019389648236849178,1.6447129429974563e-11,6.817867532203394e-05,3.543572584571733e-30,NaN,0.0015211612232202017,8.068938197465205e-11,5.647476744662477e-16,NaN,NaN,NaN,4.8707236270713255e-08,NaN,NaN,NaN,0.048688403863903384,-4063.9516163708117,-4271.945840749969,7.104566934468927e-85,generalizedPoisson2, VFR ~ Week_Day + IFR + AWND + PRCP + PRCP_SQRT  + SNOW_SQRT + TMIN + TMAX ,NaN,NaN,3.809018491427404
54,6,1650214800,2022-04-17 06:58:53,2022-04-17 20:17:09,54.82,36.1,5.66,Clouds,0.0,0.0,0.0,2022-04-17,4,17,6,2022,0.0,0.0,0,392.13526834611173,1,CVG,39.04443,-84.67241,2.0538539084434384,-0.00047405960170049545,-0.04025940262908055,0.5677881708995192,-1.7480630630518998,NaN,-0.34522997341536094,-0.02212092631644135,0.02591316206952589,NaN,NaN,NaN,-0.05475370308627083,NaN,0.14212232914923367,0.00020276688731036708,0.0059780651038353625,0.14256886279874642,0.1531454727821882,NaN,0.1088841983448978,0.003403580877233657,0.003200463675740896,NaN,NaN,NaN,0.010035564787933314,NaN,2.459610249741819e-47,0.019389648236849178,1.6447129429974563e-11,6.817867532203394e-05,3.543572584571733e-30,NaN,0.0015211612232202017,8.068938197465205e-11,5.647476744662477e-16,NaN,NaN,NaN,4.8707236270713255e-08,NaN,NaN,NaN,0.048688403863903384,-4063.9516163708117,-4271.945840749969,7.104566934468927e-85,generalizedPoisson2, VFR ~ Week_Day + IFR + AWND + PRCP + PRCP_SQRT  + SNOW_SQRT + TMIN + TMAX ,NaN,NaN,6.914095033920432
55,7,1650301200,2022-04-18 06:57:28,2022-04-18 20:18:07,57.34,41.97,6.06,Rain,0.31,0.003937007874015749,0.0,2022-04-18,4,18,0,2022,0.06274558051381586,0.0,1,392.13526834611173,1,CVG,39.04443,-84.67241,2.0538539084434384,-0.00047405960170049545,-0.04025940262908055,0.5677881708995192,-1.7480630630518998,NaN,-0.34522997341536094,-0.02212092631644135,0.02591316206952589,NaN,NaN,NaN,-0.05475370308627083,NaN,0.14212232914923367,0.00020276688731036708,0.0059780651038353625,0.14256886279874642,0.1531454727821882,NaN,0.1088841983448978,0.003403580877233657,0.003200463675740896,NaN,NaN,NaN,0.010035564787933314,NaN,2.459610249741819e-47,0.019389648236849178,1.6447129429974563e-11,6.817867532203394e-05,3.543572584571733e-30,NaN,0.0015211612232202017,8.068938197465205e-11,5.647476744662477e-16,NaN,NaN,NaN,4.8707236270713255e-08,NaN,NaN,NaN,0.048688403863903384,-4063.9516163708117,-4271.945840749969,7.104566934468927e-85,generalizedPoisson2, VFR ~ Week_Day + IFR + AWND + PRCP + PRCP_SQRT  + SNOW_SQRT + TMIN + TMAX ,NaN,NaN,7.956458826153598
56,0,1649703600,2022-04-11 09:02:54,2022-04-11 21:58:02,65.62,45.5,29.3,Clouds,0.0,0.0,0.0,2022-04-11,4,11,0,2022,0.0,0.0,1,39.521358159912374,1,PRC,34.64915,-112.42234,4.095828581500296,0.012770994735918837,-0.04324168689201735,0.28641192775850555,-1.1573213433007603,NaN,-4.533505530688043e-16,-0.019351012935282234,0.025664901177104803,NaN,NaN,NaN,-0.03646440407140827,NaN,0.19707425487518848,0.0014618815208450615,0.011103665372502758,0.5862505984190198,0.468144454603872,NaN,5.338976026573521e-16,0.00468623304155286,0.004279824786412211,NaN,NaN,NaN,0.013756266540087712,NaN,6.145780633240734e-96,2.4151323479061818e-18,9.845772844048637e-05,0.6251612877909594,0.013430473224738173,NaN,0.3958067893906443,3.6381843495750294e-05,2.013455930550852e-09,NaN,NaN,NaN,0.008031360102162871,NaN,NaN,NaN,NaN,-8801.898738795064,-8939.978308291455,NaN,NegativeBinomial, VFR ~ Week_Day + IFR + AWND + PRCP + PRCP_SQRT  + SNOW_SQRT + TMIN + TMAX ,38.95239920619013,100.69815834594206,62.629345064588385
57,1,1649790000,2022-04-12 09:01:35,2022-04-12 21:58:49,52.7,36.05,23.94,Clear,0.03,0.0,0.0,2022-04-12,4,12,1,2022,0.0,0.0,0,39.521358159912374,1,PRC,34.64915,-112.42234,4.095828581500296,0.012770994735918837,-0.04324168689201735,0.28641192775850555,-1.1573213433007603,NaN,-4.533505530688043e-16,-0.019351012935282234,0.025664901177104803,NaN,NaN,NaN,-0.03646440407140827,NaN,0.19707425487518848,0.0014618815208450615,0.011103665372502758,0.5862505984190198,0.468144454603872,NaN,5.338976026573521e-16,0.00468623304155286,0.004279824786412211,NaN,NaN,NaN,0.013756266540087712,NaN,6.145780633240734e-96,2.4151323479061818e-18,9.845772844048637e-05,0.6251612877909594,0.013430473224738173,NaN,0.3958067893906443,3.6381843495750294e-05,2.013455930550852e-09,NaN,NaN,NaN,0.008031360102162871,NaN,NaN,NaN,NaN,-8801.898738795064,-8939.978308291455,NaN,NegativeBinomial, VFR ~ Week_Day + IFR + AWND + PRCP + PRCP_SQRT  + SNOW_SQRT + TMIN + TMAX ,45.56657853327928,94.48759263743842,65.6161284314637
58,2,1649876400,2022-04-13 09:00:17,2022-04-13 21:59:37,58.59,30.34,16.53,Clear,0.0,0.0,0.0,2022-04-13,4,13,2,2022,0.0,0.0,0,39.521358159912374,1,PRC,34.64915,-112.42234,4.095828581500296,0.012770994735918837,-0.04324168689201735,0.28641192775850555,-1.1573213433007603,NaN,-4.533505530688043e-16,-0.019351012935282234,0.025664901177104803,NaN,NaN,NaN,-0.03646440407140827,NaN,0.19707425487518848,0.0014618815208450615,0.011103665372502758,0.5862505984190198,0.468144454603872,NaN,5.338976026573521e-16,0.00468623304155286,0.004279824786412211,NaN,NaN,NaN,0.013756266540087712,NaN,6.145780633240734e-96,2.4151323479061818e-18,9.845772844048637e-05,0.6251612877909594,0.013430473224738173,NaN,0.3958067893906443,3.6381843495750294e-05,2.013455930550852e-09,NaN,NaN,NaN,0.008031360102162871,NaN,NaN,NaN,NaN,-8801.898738795064,-8939.978308291455,NaN,NegativeBinomial, VFR ~ Week_Day + IFR + AWND + PRCP + PRCP_SQRT  + SNOW_SQRT + TMIN + TMAX ,90.69155211361664,141.37457599909288,113.2319730763453
59,3,1649962800,2022-04-14 08:59:00,2022-04-14 22:00:24,64.02,38.52,19.24,Clear,0.0,0.0,0.0,2022-04-14,4,14,3,2022,0.0,0.0,0,39.521358159912374,1,PRC,34.64915,-112.42234,4.095828581500296,0.012770994735918837,-0.04324168689201735,0.28641192775850555,-1.1573213433007603,NaN,-4.533505530688043e-16,-0.019351012935282234,0.025664901177104803,NaN,NaN,NaN,-0.03646440407140827,NaN,0.19707425487518848,0.0014618815208450615,0.011103665372502758,0.5862505984190198,0.468144454603872,NaN,5.338976026573521e-16,0.00468623304155286,0.004279824786412211,NaN,NaN,NaN,0.013756266540087712,NaN,6.145780633240734e-96,2.4151323479061818e-18,9.845772844048637e-05,0.6251612877909594,0.013430473224738173,NaN,0.3958067893906443,3.6381843495750294e-05,2.013455930550852e-09,NaN,NaN,NaN,0.008031360102162871,NaN,NaN,NaN,NaN,-8801.898738795064,-8939.978308291455,NaN,NegativeBinomial, VFR ~ Week_Day + IFR + AWND + PRCP + PRCP_SQRT  + SNOW_SQRT + TMIN + TMAX ,72.98174347079096,124.40064071740697,95.28365887412085
60,4,1650049200,2022-04-15 08:57:44,2022-04-15 22:01:11,68.31,45.73,21.0,Clouds,0.0,0.0,0.0,2022-04-15,4,15,4,2022,0.0,0.0,1,39.521358159912374,1,PRC,34.64915,-112.42234,4.095828581500296,0.012770994735918837,-0.04324168689201735,0.28641192775850555,-1.1573213433007603,NaN,-4.533505530688043e-16,-0.019351012935282234,0.025664901177104803,NaN,NaN,NaN,-0.03646440407140827,NaN,0.19707425487518848,0.0014618815208450615,0.011103665372502758,0.5862505984190198,0.468144454603872,NaN,5.338976026573521e-16,0.00468623304155286,0.004279824786412211,NaN,NaN,NaN,0.013756266540087712,NaN,6.145780633240734e-96,2.4151323479061818e-18,9.845772844048637e-05,0.6251612877909594,0.013430473224738173,NaN,0.3958067893906443,3.6381843495750294e-05,2.013455930550852e-09,NaN,NaN,NaN,0.008031360102162871,NaN,NaN,NaN,NaN,-8801.898738795064,-8939.978308291455,NaN,NegativeBinomial, VFR ~ Week_Day + IFR + AWND + PRCP + PRCP_SQRT  + SNOW_SQRT + TMIN + TMAX ,61.24093083425022,111.60039398845808,82.6711074639879
61,5,1650135600,2022-04-16 08:56:28,2022-04-16 22:01:59,70.38,47.8,20.29,Clear,0.0,0.0,0.0,2022-04-16,4,16,5,2022,0.0,0.0,1,39.521358159912374,1,PRC,34.64915,-112.42234,4.095828581500296,0.012770994735918837,-0.04324168689201735,0.28641192775850555,-1.1573213433007603,NaN,-4.533505530688043e-16,-0.019351012935282234,0.025664901177104803,NaN,NaN,NaN,-0.03646440407140827,NaN,0.19707425487518848,0.0014618815208450615,0.011103665372502758,0.5862505984190198,0.468144454603872,NaN,5.338976026573521e-16,0.00468623304155286,0.004279824786412211,NaN,NaN,NaN,0.013756266540087712,NaN,6.145780633240734e-96,2.4151323479061818e-18,9.845772844048637e-05,0.6251612877909594,0.013430473224738173,NaN,0.3958067893906443,3.6381843495750294e-05,2.013455930550852e-09,NaN,NaN,NaN,0.008031360102162871,NaN,NaN,NaN,NaN,-8801.898738795064,-8939.978308291455,NaN,NegativeBinomial, VFR ~ Week_Day + IFR + AWND + PRCP + PRCP_SQRT  + SNOW_SQRT + TMIN + TMAX ,62.33694787771213,111.252225069348,83.27739282318728
62,6,1650222000,2022-04-17 08:55:13,2022-04-17 22:02:47,73.11,49.86,23.49,Clouds,0.0,0.0,0.0,2022-04-17,4,17,6,2022,0.0,0.0,0,39.521358159912374,1,PRC,34.64915,-112.42234,4.095828581500296,0.012770994735918837,-0.04324168689201735,0.28641192775850555,-1.1573213433007603,NaN,-4.533505530688043e-16,-0.019351012935282234,0.025664901177104803,NaN,NaN,NaN,-0.03646440407140827,NaN,0.19707425487518848,0.0014618815208450615,0.011103665372502758,0.5862505984190198,0.468144454603872,NaN,5.338976026573521e-16,0.00468623304155286,0.004279824786412211,NaN,NaN,NaN,0.013756266540087712,NaN,6.145780633240734e-96,2.4151323479061818e-18,9.845772844048637e-05,0.6251612877909594,0.013430473224738173,NaN,0.3958067893906443,3.6381843495750294e-05,2.013455930550852e-09,NaN,NaN,NaN,0.008031360102162871,NaN,NaN,NaN,NaN,-8801.898738795064,-8939.978308291455,NaN,NegativeBinomial, VFR ~ Week_Day + IFR + AWND + PRCP + PRCP_SQRT  + SNOW_SQRT + TMIN + TMAX ,50.193335838294324,103.46160239720189,72.06304847486561
63,7,1650308400,2022-04-18 08:53:59,2022-04-18 22:03:35,75.9,47.77,16.58,Clouds,0.0,0.0,0.0,2022-04-18,4,18,0,2022,0.0,0.0,1,39.521358159912374,1,PRC,34.64915,-112.42234,4.095828581500296,0.012770994735918837,-0.04324168689201735,0.28641192775850555,-1.1573213433007603,NaN,-4.533505530688043e-16,-0.019351012935282234,0.025664901177104803,NaN,NaN,NaN,-0.03646440407140827,NaN,0.19707425487518848,0.0014618815208450615,0.011103665372502758,0.5862505984190198,0.468144454603872,NaN,5.338976026573521e-16,0.00468623304155286,0.004279824786412211,NaN,NaN,NaN,0.013756266540087712,NaN,6.145780633240734e-96,2.4151323479061818e-18,9.845772844048637e-05,0.6251612877909594,0.013430473224738173,NaN,0.3958067893906443,3.6381843495750294e-05,2.013455930550852e-09,NaN,NaN,NaN,0.008031360102162871,NaN,NaN,NaN,NaN,-8801.898738795064,-8939.978308291455,NaN,NegativeBinomial, VFR ~ Week_Day + IFR + AWND + PRCP + PRCP_SQRT  + SNOW_SQRT + TMIN + TMAX ,108.20220868198031,169.07651828675753,135.25698767489388
64,0,1649703600,2022-04-11 09:02:21,2022-04-11 21:55:44,82.58,64.78,20.76,Clear,0.0,0.0,0.0,2022-04-11,4,11,0,2022,0.0,0.0,1,39.40142387732749,1,DVT,33.69021,-112.06616,6.080938022326315,-0.0007547937505102843,-0.03584605947886684,-0.1127568527356308,-1.0404500483780685,NaN,8.756382072569889e-16,-0.01413040980172947,0.010830951918842896,NaN,NaN,NaN,-0.020507076773627213,NaN,0.056215038454487505,0.0005166769006004898,0.0036576536710929163,0.1362141104953556,0.13026366333039516,NaN,3.5294510072649626e-16,0.001367922488207708,0.0012390657882078156,NaN,NaN,NaN,0.0036431545983402203,NaN,0.0,0.14405326365771629,1.1226506425798467e-22,0.40778871451718035,1.3796832312346478e-15,NaN,0.013103373132564426,5.165084528703711e-25,2.3059777106363408e-18,NaN,NaN,NaN,1.813267627700833e-08,NaN,NaN,NaN,NaN,-8685.027648234985,-9068.95712900587,NaN,Gamma, VFR ~ Week_Day + IFR + AWND + PRCP + PRCP_SQRT  + SNOW_SQRT + TMIN + TMAX ,177.14241327588945,220.35015159170112,197.56861496366778
65,1,1649790000,2022-04-12 09:01:05,2022-04-12 21:56:29,71.71,56.89,22.77,Clouds,0.0,0.0,0.0,2022-04-12,4,12,1,2022,0.0,0.0,0,39.40142387732749,1,DVT,33.69021,-112.06616,6.080938022326315,-0.0007547937505102843,-0.03584605947886684,-0.1127568527356308,-1.0404500483780685,NaN,8.756382072569889e-16,-0.01413040980172947,0.010830951918842896,NaN,NaN,NaN,-0.020507076773627213,NaN,0.056215038454487505,0.0005166769006004898,0.0036576536710929163,0.1362141104953556,0.13026366333039516,NaN,3.5294510072649626e-16,0.001367922488207708,0.0012390657882078156,NaN,NaN,NaN,0.0036431545983402203,NaN,0.0,0.14405326365771629,1.1226506425798467e-22,0.40778871451718035,1.3796832312346478e-15,NaN,0.013103373132564426,5.165084528703711e-25,2.3059777106363408e-18,NaN,NaN,NaN,1.813267627700833e-08,NaN,NaN,NaN,NaN,-8685.027648234985,-9068.95712900587,NaN,Gamma, VFR ~ Week_Day + IFR + AWND + PRCP + PRCP_SQRT  + SNOW_SQRT + TMIN + TMAX ,157.96875309983133,202.79027037508584,178.98191571197904
66,2,1649876400,2022-04-13 08:59:49,2022-04-13 21:57:14,71.69,54.5,6.6,Clear,0.0,0.0,0.0,2022-04-13,4,13,2,2022,0.0,0.0,0,39.40142387732749,1,DVT,33.69021,-112.06616,6.080938022326315,-0.0007547937505102843,-0.03584605947886684,-0.1127568527356308,-1.0404500483780685,NaN,8.756382072569889e-16,-0.01413040980172947,0.010830951918842896,NaN,NaN,NaN,-0.020507076773627213,NaN,0.056215038454487505,0.0005166769006004898,0.0036576536710929163,0.1362141104953556,0.13026366333039516,NaN,3.5294510072649626e-16,0.001367922488207708,0.0012390657882078156,NaN,NaN,NaN,0.0036431545983402203,NaN,0.0,0.14405326365771629,1.1226506425798467e-22,0.40778871451718035,1.3796832312346478e-15,NaN,0.013103373132564426,5.165084528703711e-25,2.3059777106363408e-18,NaN,NaN,NaN,1.813267627700833e-08,NaN,NaN,NaN,NaN,-8685.027648234985,-9068.95712900587,NaN,Gamma, VFR ~ Week_Day + IFR + AWND + PRCP + PRCP_SQRT  + SNOW_SQRT + TMIN + TMAX ,315.14741255487814,332.5820403118325,323.74738526588317
67,3,1649962800,2022-04-14 08:58:35,2022-04-14 21:57:59,78.6,60.06,7.74,Clouds,0.0,0.0,0.0,2022-04-14,4,14,3,2022,0.0,0.0,0,39.40142387732749,1,DVT,33.69021,-112.06616,6.080938022326315,-0.0007547937505102843,-0.03584605947886684,-0.1127568527356308,-1.0404500483780685,NaN,8.756382072569889e-16,-0.01413040980172947,0.010830951918842896,NaN,NaN,NaN,-0.020507076773627213,NaN,0.056215038454487505,0.0005166769006004898,0.0036576536710929163,0.1362141104953556,0.13026366333039516,NaN,3.5294510072649626e-16,0.001367922488207708,0.0012390657882078156,NaN,NaN,NaN,0.0036431545983402203,NaN,0.0,0.14405326365771629,1.1226506425798467e-22,0.40778871451718035,1.3796832312346478e-15,NaN,0.013103373132564426,5.165084528703711e-25,2.3059777106363408e-18,NaN,NaN,NaN,1.813267627700833e-08,NaN,NaN,NaN,NaN,-8685.027648234985,-9068.95712900587,NaN,Gamma, VFR ~ Week_Day + IFR + AWND + PRCP + PRCP_SQRT  + SNOW_SQRT + TMIN + TMAX ,295.6167898672598,311.2739883419948,303.3443871292814
68,4,1650049200,2022-04-15 08:57:20,2022-04-15 21:58:44,84.18,64.96,9.17,Clouds,0.0,0.0,0.0,2022-04-15,4,15,4,2022,0.0,0.0,1,39.40142387732749,1,DVT,33.69021,-112.06616,6.080938022326315,-0.0007547937505102843,-0.03584605947886684,-0.1127568527356308,-1.0404500483780685,NaN,8.756382072569889e-16,-0.01413040980172947,0.010830951918842896,NaN,NaN,NaN,-0.020507076773627213,NaN,0.056215038454487505,0.0005166769006004898,0.0036576536710929163,0.1362141104953556,0.13026366333039516,NaN,3.5294510072649626e-16,0.001367922488207708,0.0012390657882078156,NaN,NaN,NaN,0.0036431545983402203,NaN,0.0,0.14405326365771629,1.1226506425798467e-22,0.40778871451718035,1.3796832312346478e-15,NaN,0.013103373132564426,5.165084528703711e-25,2.3059777106363408e-18,NaN,NaN,NaN,1.813267627700833e-08,NaN,NaN,NaN,NaN,-8685.027648234985,-9068.95712900587,NaN,Gamma, VFR ~ Week_Day + IFR + AWND + PRCP + PRCP_SQRT  + SNOW_SQRT + TMIN + TMAX ,271.06093232964537,288.9504985299849,279.86280840557134
69,5,1650135600,2022-04-16 08:56:07,2022-04-16 21:59:29,86.47,66.45,8.79,Clear,0.0,0.0,0.0,2022-04-16,4,16,5,2022,0.0,0.0,1,39.40142387732749,1,DVT,33.69021,-112.06616,6.080938022326315,-0.0007547937505102843,-0.03584605947886684,-0.1127568527356308,-1.0404500483780685,NaN,8.756382072569889e-16,-0.01413040980172947,0.010830951918842896,NaN,NaN,NaN,-0.020507076773627213,NaN,0.056215038454487505,0.0005166769006004898,0.0036576536710929163,0.1362141104953556,0.13026366333039516,NaN,3.5294510072649626e-16,0.001367922488207708,0.0012390657882078156,NaN,NaN,NaN,0.0036431545983402203,NaN,0.0,0.14405326365771629,1.1226506425798467e-22,0.40778871451718035,1.3796832312346478e-15,NaN,0.013103373132564426,5.165084528703711e-25,2.3059777106363408e-18,NaN,NaN,NaN,1.813267627700833e-08,NaN,NaN,NaN,NaN,-8685.027648234985,-9068.95712900587,NaN,Gamma, VFR ~ Week_Day + IFR + AWND + PRCP + PRCP_SQRT  + SNOW_SQRT + TMIN + TMAX ,270.2048678787167,288.0530242780362,278.98625300740457
70,6,1650222000,2022-04-17 08:54:54,2022-04-17 22:00:15,89.06,69.39,12.86,Clear,0.0,0.0,0.0,2022-04-17,4,17,6,2022,0.0,0.0,0,39.40142387732749,1,DVT,33.69021,-112.06616,6.080938022326315,-0.0007547937505102843,-0.03584605947886684,-0.1127568527356308,-1.0404500483780685,NaN,8.756382072569889e-16,-0.01413040980172947,0.010830951918842896,NaN,NaN,NaN,-0.020507076773627213,NaN,0.056215038454487505,0.0005166769006004898,0.0036576536710929163,0.1362141104953556,0.13026366333039516,NaN,3.5294510072649626e-16,0.001367922488207708,0.0012390657882078156,NaN,NaN,NaN,0.0036431545983402203,NaN,0.0,0.14405326365771629,1.1226506425798467e-22,0.40778871451718035,1.3796832312346478e-15,NaN,0.013103373132564426,5.165084528703711e-25,2.3059777106363408e-18,NaN,NaN,NaN,1.813267627700833e-08,NaN,NaN,NaN,NaN,-8685.027648234985,-9068.95712900587,NaN,Gamma, VFR ~ Week_Day + IFR + AWND + PRCP + PRCP_SQRT  + SNOW_SQRT + TMIN + TMAX ,220.0378656439619,246.84036001812208,233.0541267027356
71,7,1650308400,2022-04-18 08:53:42,2022-04-18 22:01:01,89.24,70.74,8.84,Clouds,0.0,0.0,0.0,2022-04-18,4,18,0,2022,0.0,0.0,1,39.40142387732749,1,DVT,33.69021,-112.06616,6.080938022326315,-0.0007547937505102843,-0.03584605947886684,-0.1127568527356308,-1.0404500483780685,NaN,8.756382072569889e-16,-0.01413040980172947,0.010830951918842896,NaN,NaN,NaN,-0.020507076773627213,NaN,0.056215038454487505,0.0005166769006004898,0.0036576536710929163,0.1362141104953556,0.13026366333039516,NaN,3.5294510072649626e-16,0.001367922488207708,0.0012390657882078156,NaN,NaN,NaN,0.0036431545983402203,NaN,0.0,0.14405326365771629,1.1226506425798467e-22,0.40778871451718035,1.3796832312346478e-15,NaN,0.013103373132564426,5.165084528703711e-25,2.3059777106363408e-18,NaN,NaN,NaN,1.813267627700833e-08,NaN,NaN,NaN,NaN,-8685.027648234985,-9068.95712900587,NaN,Gamma, VFR ~ Week_Day + IFR + AWND + PRCP + PRCP_SQRT  + SNOW_SQRT + TMIN + TMAX ,288.53950026492817,310.3633609646705,299.25255065460937
72,0,1649703600,2022-04-11 09:27:33,2022-04-11 22:21:55,65.61,57.87,10.98,Clouds,0.0,0.0,0.0,2022-04-11,4,11,0,2022,0.0,0.0,1,211.7799442896936,1,VNY,34.21214,-118.49146,5.449248414660779,3.2042989165427874e-05,-0.021011733195947208,0.6704214152667384,-1.681907049220824,NaN,3.6606411671942305e-16,-0.016135782425161588,0.0162242100023826,NaN,NaN,NaN,0.00043967580649279664,NaN,0.058211859756998566,9.758777458074462e-05,0.002347673189589827,0.13125947335489066,0.12964948081138603,NaN,5.57819129464496e-17,0.0013655053513698442,0.001038462696264088,NaN,NaN,NaN,0.0033322879039080363,NaN,0.0,0.7426467071936782,3.5540260134602557e-19,3.262694729313093e-07,1.7470716491375492e-38,NaN,5.2942874387200535e-11,3.199668015069018e-32,5.052495218787808e-55,NaN,NaN,NaN,0.8950284882448606,NaN,NaN,NaN,NaN,-8193.552227722166,-8879.123340416583,NaN,Gamma, VFR ~ Week_Day + IFR + AWND + PRCP + PRCP_SQRT  + SNOW_SQRT + TMIN + TMAX ,202.91917359367554,221.23576255100554,211.87963117349594
73,1,1649790000,2022-04-12 09:26:16,2022-04-12 22:22:41,64.09,46.78,24.4,Clear,0.0,0.0,0.0,2022-04-12,4,12,1,2022,0.0,0.0,0,211.7799442896936,1,VNY,34.21214,-118.49146,5.449248414660779,3.2042989165427874e-05,-0.021011733195947208,0.6704214152667384,-1.681907049220824,NaN,3.6606411671942305e-16,-0.016135782425161588,0.0162242100023826,NaN,NaN,NaN,0.00043967580649279664,NaN,0.058211859756998566,9.758777458074462e-05,0.002347673189589827,0.13125947335489066,0.12964948081138603,NaN,5.57819129464496e-17,0.0013655053513698442,0.001038462696264088,NaN,NaN,NaN,0.0033322879039080363,NaN,0.0,0.7426467071936782,3.5540260134602557e-19,3.262694729313093e-07,1.7470716491375492e-38,NaN,5.2942874387200535e-11,3.199668015069018e-32,5.052495218787808e-55,NaN,NaN,NaN,0.8950284882448606,NaN,NaN,NaN,NaN,-8193.552227722166,-8879.123340416583,NaN,Gamma, VFR ~ Week_Day + IFR + AWND + PRCP + PRCP_SQRT  + SNOW_SQRT + TMIN + TMAX ,170.84703614513532,203.72326516372544,186.56236503387277
74,2,1649876400,2022-04-13 09:24:59,2022-04-13 22:23:28,72.12,48.58,13.58,Clear,0.0,0.0,0.0,2022-04-13,4,13,2,2022,0.0,0.0,0,211.7799442896936,1,VNY,34.21214,-118.49146,5.449248414660779,3.2042989165427874e-05,-0.021011733195947208,0.6704214152667384,-1.681907049220824,NaN,3.6606411671942305e-16,-0.016135782425161588,0.0162242100023826,NaN,NaN,NaN,0.00043967580649279664,NaN,0.058211859756998566,9.758777458074462e-05,0.002347673189589827,0.13125947335489066,0.12964948081138603,NaN,5.57819129464496e-17,0.0013655053513698442,0.001038462696264088,NaN,NaN,NaN,0.0033322879039080363,NaN,0.0,0.7426467071936782,3.5540260134602557e-19,3.262694729313093e-07,1.7470716491375492e-38,NaN,5.2942874387200535e-11,3.199668015069018e-32,5.052495218787808e-55,NaN,NaN,NaN,0.8950284882448606,NaN,NaN,NaN,NaN,-8193.552227722166,-8879.123340416583,NaN,Gamma, VFR ~ Week_Day + IFR + AWND + PRCP + PRCP_SQRT  + SNOW_SQRT + TMIN + TMAX ,248.38505642002443,270.58769056003,259.2487970778595
75,3,1649962800,2022-04-14 09:23:43,2022-04-14 22:24:14,71.94,55.18,8.55,Clear,0.0,0.0,0.0,2022-04-14,4,14,3,2022,0.0,0.0,0,211.7799442896936,1,VNY,34.21214,-118.49146,5.449248414660779,3.2042989165427874e-05,-0.021011733195947208,0.6704214152667384,-1.681907049220824,NaN,3.6606411671942305e-16,-0.016135782425161588,0.0162242100023826,NaN,NaN,NaN,0.00043967580649279664,NaN,0.058211859756998566,9.758777458074462e-05,0.002347673189589827,0.13125947335489066,0.12964948081138603,NaN,5.57819129464496e-17,0.0013655053513698442,0.001038462696264088,NaN,NaN,NaN,0.0033322879039080363,NaN,0.0,0.7426467071936782,3.5540260134602557e-19,3.262694729313093e-07,1.7470716491375492e-38,NaN,5.2942874387200535e-11,3.199668015069018e-32,5.052495218787808e-55,NaN,NaN,NaN,0.8950284882448606,NaN,NaN,NaN,NaN,-8193.552227722166,-8879.123340416583,NaN,Gamma, VFR ~ Week_Day + IFR + AWND + PRCP + PRCP_SQRT  + SNOW_SQRT + TMIN + TMAX ,252.48394761413223,264.45023476066405,258.39783129867106
76,4,1650049200,2022-04-15 09:22:28,2022-04-15 22:25:00,72.66,57.78,9.24,Clear,0.0,0.0,0.0,2022-04-15,4,15,4,2022,0.0,0.0,1,211.7799442896936,1,VNY,34.21214,-118.49146,5.449248414660779,3.2042989165427874e-05,-0.021011733195947208,0.6704214152667384,-1.681907049220824,NaN,3.6606411671942305e-16,-0.016135782425161588,0.0162242100023826,NaN,NaN,NaN,0.00043967580649279664,NaN,0.058211859756998566,9.758777458074462e-05,0.002347673189589827,0.13125947335489066,0.12964948081138603,NaN,5.57819129464496e-17,0.0013655053513698442,0.001038462696264088,NaN,NaN,NaN,0.0033322879039080363,NaN,0.0,0.7426467071936782,3.5540260134602557e-19,3.262694729313093e-07,1.7470716491375492e-38,NaN,5.2942874387200535e-11,3.199668015069018e-32,5.052495218787808e-55,NaN,NaN,NaN,0.8950284882448606,NaN,NaN,NaN,NaN,-8193.552227722166,-8879.123340416583,NaN,Gamma, VFR ~ Week_Day + IFR + AWND + PRCP + PRCP_SQRT  + SNOW_SQRT + TMIN + TMAX ,240.49214226288404,254.08104609026623,247.19323429787212
77,5,1650135600,2022-04-16 09:21:13,2022-04-16 22:25:47,71.31,56.97,10.36,Clouds,0.0,0.0,0.0,2022-04-16,4,16,5,2022,0.0,0.0,1,211.7799442896936,1,VNY,34.21214,-118.49146,5.449248414660779,3.2042989165427874e-05,-0.021011733195947208,0.6704214152667384,-1.681907049220824,NaN,3.6606411671942305e-16,-0.016135782425161588,0.0162242100023826,NaN,NaN,NaN,0.00043967580649279664,NaN,0.058211859756998566,9.758777458074462e-05,0.002347673189589827,0.13125947335489066,0.12964948081138603,NaN,5.57819129464496e-17,0.0013655053513698442,0.001038462696264088,NaN,NaN,NaN,0.0033322879039080363,NaN,0.0,0.7426467071936782,3.5540260134602557e-19,3.262694729313093e-07,1.7470716491375492e-38,NaN,5.2942874387200535e-11,3.199668015069018e-32,5.052495218787808e-55,NaN,NaN,NaN,0.8950284882448606,NaN,NaN,NaN,NaN,-8193.552227722166,-8879.123340416583,NaN,Gamma, VFR ~ Week_Day + IFR + AWND + PRCP + PRCP_SQRT  + SNOW_SQRT + TMIN + TMAX ,231.75959143678486,247.34590719345795,239.4259517987069
78,6,1650222000,2022-04-17 09:19:59,2022-04-17 22:26:34,74.37,57.87,10.22,Clouds,0.0,0.0,0.0,2022-04-17,4,17,6,2022,0.0,0.0,0,211.7799442896936,1,VNY,34.21214,-118.49146,5.449248414660779,3.2042989165427874e-05,-0.021011733195947208,0.6704214152667384,-1.681907049220824,NaN,3.6606411671942305e-16,-0.016135782425161588,0.0162242100023826,NaN,NaN,NaN,0.00043967580649279664,NaN,0.058211859756998566,9.758777458074462e-05,0.002347673189589827,0.13125947335489066,0.12964948081138603,NaN,5.57819129464496e-17,0.0013655053513698442,0.001038462696264088,NaN,NaN,NaN,0.0033322879039080363,NaN,0.0,0.7426467071936782,3.5540260134602557e-19,3.262694729313093e-07,1.7470716491375492e-38,NaN,5.2942874387200535e-11,3.199668015069018e-32,5.052495218787808e-55,NaN,NaN,NaN,0.8950284882448606,NaN,NaN,NaN,NaN,-8193.552227722166,-8879.123340416583,NaN,Gamma, VFR ~ Week_Day + IFR + AWND + PRCP + PRCP_SQRT  + SNOW_SQRT + TMIN + TMAX ,240.50201054198314,257.43578900193353,248.8248879039771
79,7,1650308400,2022-04-18 09:18:46,2022-04-18 22:27:21,73.4,57.83,9.33,Clouds,0.0,0.0,0.0,2022-04-18,4,18,0,2022,0.0,0.0,1,211.7799442896936,1,VNY,34.21214,-118.49146,5.449248414660779,3.2042989165427874e-05,-0.021011733195947208,0.6704214152667384,-1.681907049220824,NaN,3.6606411671942305e-16,-0.016135782425161588,0.0162242100023826,NaN,NaN,NaN,0.00043967580649279664,NaN,0.058211859756998566,9.758777458074462e-05,0.002347673189589827,0.13125947335489066,0.12964948081138603,NaN,5.57819129464496e-17,0.0013655053513698442,0.001038462696264088,NaN,NaN,NaN,0.0033322879039080363,NaN,0.0,0.7426467071936782,3.5540260134602557e-19,3.262694729313093e-07,1.7470716491375492e-38,NaN,5.2942874387200535e-11,3.199668015069018e-32,5.052495218787808e-55,NaN,NaN,NaN,0.8950284882448606,NaN,NaN,NaN,NaN,-8193.552227722166,-8879.123340416583,NaN,Gamma, VFR ~ Week_Day + IFR + AWND + PRCP + PRCP_SQRT  + SNOW_SQRT + TMIN + TMAX ,241.15818517313718,257.23404661120026,249.0664486547701
